cpv_code,cpv_name,cpv_level,full_path,unspsc_match_1_code,unspsc_match_1_title,unspsc_match_1_type,unspsc_match_2_code,unspsc_match_2_title,unspsc_match_2_type,unspsc_match_3_code,unspsc_match_3_title,unspsc_match_3_type
03000000-1,"Agricultural, farming, fishing, forestry and related products",division,"Agricultural, farming, fishing, forestry and related products (Hierarchy: Agricultural, farming, fishing, forestry and related products)",70000000,Farming and Fishing and Forestry and Wildlife Contracting Services,Segment,21000000,Farming and Fishing and Forestry and Wildlife Machinery and Accessories,Segment,21100000,Agricultural and forestry and landscape machinery and equipment,Family
03100000-2,Agricultural and horticultural products,group,"Agricultural and horticultural products (Hierarchy: Agricultural and horticultural products < Agricultural, farming, fishing, forestry and related products)",50451821,Frozen organic french horticultural beans,Commodity,50421821,Dried french horticultural beans,Commodity,50431821,Dried organic french horticultural beans,Commodity
03110000-5,"Crops, products of market gardening and horticulture",class,"Crops, products of market gardening and horticulture (Hierarchy: Crops, products of market gardening and horticulture < Agricultural and horticultural products < Agricultural, farming, fishing, forestry and related products)",50451821,Frozen organic french horticultural beans,Commodity,50411821,Organic french horticultural beans,Commodity,50441821,Frozen french horticultural beans,Commodity
03111000-2,Seeds,category,"Seeds (Hierarchy: Seeds < Crops, products of market gardening and horticulture < Agricultural and horticultural products < Agricultural, farming, fishing, forestry and related products)",10151500,Vegetable seeds and seedlings,Class,10151512,Lettuce seeds or seedlings,Commodity,10151609,Maize seeds,Commodity
03111100-3,Soya beans,subcategory,"Soya beans (Hierarchy: Seeds < Crops, products of market gardening and horticulture < Agricultural and horticultural products < Agricultural, farming, fishing, forestry and related products)",50407053,Soybeans,Commodity,50436853,Dried organic soybeans,Commodity,50596853,Dried Non GMO soybeans,Commodity
03111200-4,Peanuts,subcategory,"Peanuts (Hierarchy: Seeds < Crops, products of market gardening and horticulture < Agricultural and horticultural products < Agricultural, farming, fishing, forestry and related products)",50405500,Peanuts,Class,10151535,Peanut seeds or seedlings,Commodity,50595304,Dried Non GMO spanish peanuts,Commodity
03111300-5,Sunflower seeds,subcategory,"Sunflower seeds (Hierarchy: Seeds < Crops, products of market gardening and horticulture < Agricultural and horticultural products < Agricultural, farming, fishing, forestry and related products)",10151904,Sunflower seeds,Commodity,10417004,Dried cut sunbright sunflower,Commodity,10426039,Dried cut helianthus,Commodity
03111400-6,Cotton seeds,subcategory,"Cotton seeds (Hierarchy: Seeds < Crops, products of market gardening and horticulture < Agricultural and horticultural products < Agricultural, farming, fishing, forestry and related products)",10152201,Cotton seeds or seedlings,Commodity,11121802,Cotton,Commodity,11161707,Cotton carded or combed,Commodity
03111500-7,Sesame seeds,subcategory,"Sesame seeds (Hierarchy: Seeds < Crops, products of market gardening and horticulture < Agricultural and horticultural products < Agricultural, farming, fishing, forestry and related products)",10151606,Sesame seeds,Commodity,10151800,Spice crop seeds and seedlings,Class,10152200,Fibrous crop seeds and seedlings,Class
03111600-8,Mustard seeds,subcategory,"Mustard seeds (Hierarchy: Seeds < Crops, products of market gardening and horticulture < Agricultural and horticultural products < Agricultural, farming, fishing, forestry and related products)",10151810,Mustard seeds or seedlings,Commodity,50594905,Dried Non GMO southern mustard,Commodity,50594903,Dried Non GMO giantleafed mustard,Commodity
03111700-9,Vegetable seeds,subcategory,"Vegetable seeds (Hierarchy: Seeds < Crops, products of market gardening and horticulture < Agricultural and horticultural products < Agricultural, farming, fishing, forestry and related products)",10151500,Vegetable seeds and seedlings,Class,10151531,Brussel sprout seeds or seedlings,Commodity,10151507,Cucumber seeds or seedlings,Commodity
03111800-0,Fruit seeds,subcategory,"Fruit seeds (Hierarchy: Seeds < Crops, products of market gardening and horticulture < Agricultural and horticultural products < Agricultural, farming, fishing, forestry and related products)",10151507,Cucumber seeds or seedlings,Commodity,10151531,Brussel sprout seeds or seedlings,Commodity,10151505,Courgette seeds or seedlings,Commodity
03111900-1,Flower seeds,subcategory,"Flower seeds (Hierarchy: Seeds < Crops, products of market gardening and horticulture < Agricultural and horticultural products < Agricultural, farming, fishing, forestry and related products)",10151900,Flower seeds and bulbs and seedlings and cuttings,Class,10151903,Daffodil seeds or bulbs or seedlings or cuttings,Commodity,10151925,"Petunia seeds, seedlings or cuttings",Commodity
03112000-9,Unmanufactured tobacco,category,"Unmanufactured tobacco (Hierarchy: Unmanufactured tobacco < Crops, products of market gardening and horticulture < Agricultural and horticultural products < Agricultural, farming, fishing, forestry and related products)",11141702,Tobacco waste or scrap,Commodity,50211503,Pipe tobacco or leaf tobacco,Commodity,10426059,Dried cut nicotiana green,Commodity
03113000-6,Plants used for sugar manufacturing,category,"Plants used for sugar manufacturing (Hierarchy: Plants used for sugar manufacturing < Crops, products of market gardening and horticulture < Agricultural and horticultural products < Agricultural, farming, fishing, forestry and related products)",70141507,Sugarbeet or sugarcane production,Commodity,50401922,Sugar beets,Commodity,50411922,Organic sugar beets,Commodity
03113100-7,Sugar beet,subcategory,"Sugar beet (Hierarchy: Plants used for sugar manufacturing < Crops, products of market gardening and horticulture < Agricultural and horticultural products < Agricultural, farming, fishing, forestry and related products)",50401922,Sugar beets,Commodity,70141507,Sugarbeet or sugarcane production,Commodity,50591922,Dried Non GMO sugar beets,Commodity
03113200-8,Sugar cane,subcategory,"Sugar cane (Hierarchy: Plants used for sugar manufacturing < Crops, products of market gardening and horticulture < Agricultural and horticultural products < Agricultural, farming, fishing, forestry and related products)",10161648,Sugar cane plant,Commodity,70141507,Sugarbeet or sugarcane production,Commodity,50161902,Cane sugar,Commodity
03114000-3,Straw and forage,category,"Straw and forage (Hierarchy: Straw and forage < Crops, products of market gardening and horticulture < Agricultural and horticultural products < Agricultural, farming, fishing, forestry and related products)",11121809,Straw,Commodity,10151700,Grass and forage seeds and seedlings,Class,10152035,Italia forage tree seed or seedlings,Commodity
03114100-4,Straw,subcategory,"Straw (Hierarchy: Straw and forage < Crops, products of market gardening and horticulture < Agricultural and horticultural products < Agricultural, farming, fishing, forestry and related products)",11121809,Straw,Commodity,10426076,Dried cut strawflower,Commodity,10326076,Fresh cut strawflower,Commodity
03114200-5,Forage,subcategory,"Forage (Hierarchy: Straw and forage < Crops, products of market gardening and horticulture < Agricultural and horticultural products < Agricultural, farming, fishing, forestry and related products)",10151700,Grass and forage seeds and seedlings,Class,10152035,Italia forage tree seed or seedlings,Commodity,11121809,Straw,Commodity
03115000-0,Raw vegetable materials,category,"Raw vegetable materials (Hierarchy: Raw vegetable materials < Crops, products of market gardening and horticulture < Agricultural and horticultural products < Agricultural, farming, fishing, forestry and related products)",50413506,Organic large rooted magdeburg endives,Commodity,10151500,Vegetable seeds and seedlings,Class,10151509,Endive seeds or seedlings,Commodity
03115100-1,Raw vegetable materials used in textile production,subcategory,"Raw vegetable materials used in textile production (Hierarchy: Raw vegetable materials < Crops, products of market gardening and horticulture < Agricultural and horticultural products < Agricultural, farming, fishing, forestry and related products)",11162000,Fabrics of vegetable material other than cotton,Class,11162001,Plain weave non cotton vegetable fiber fabrics,Commodity,11151510,Vegetable fibers,Commodity
03115110-4,Cotton,subcategory,"Cotton (Hierarchy: Raw vegetable materials < Crops, products of market gardening and horticulture < Agricultural and horticultural products < Agricultural, farming, fishing, forestry and related products)",11121802,Cotton,Commodity,11151507,Cotton fibers,Commodity,10152201,Cotton seeds or seedlings,Commodity
03115120-7,Jute,subcategory,"Jute (Hierarchy: Raw vegetable materials < Crops, products of market gardening and horticulture < Agricultural and horticultural products < Agricultural, farming, fishing, forestry and related products)",11121804,Jute,Commodity,11151710,Jute yarn,Commodity,11162003,Hessian or hemp or jute cloth,Commodity
03115130-0,Flax,subcategory,"Flax (Hierarchy: Raw vegetable materials < Crops, products of market gardening and horticulture < Agricultural and horticultural products < Agricultural, farming, fishing, forestry and related products)",10152202,Flax seeds or seedlings,Commodity,11121803,Flax,Commodity,10502921,Fresh cut flax leaf,Commodity
03116000-7,"Natural rubber and latex, and associated products",category,"Natural rubber and latex, and associated products (Hierarchy: Natural rubber and latex, and associated products < Crops, products of market gardening and horticulture < Agricultural and horticultural products < Agricultural, farming, fishing, forestry and related products)",13101500,Natural rubber,Class,13101501,Latex rubber,Commodity,11151610,Rubber or latex thread,Commodity
03116100-8,Natural rubber,subcategory,"Natural rubber (Hierarchy: Natural rubber and latex, and associated products < Crops, products of market gardening and horticulture < Agricultural and horticultural products < Agricultural, farming, fishing, forestry and related products)",70141517,Rubber plant production,Commodity,13101501,Latex rubber,Commodity,13101715,Natural polyisoprene NR,Commodity
03116200-9,Natural latex,subcategory,"Natural latex (Hierarchy: Natural rubber and latex, and associated products < Crops, products of market gardening and horticulture < Agricultural and horticultural products < Agricultural, farming, fishing, forestry and related products)",13101501,Latex rubber,Commodity,42132205,Latex Surgical gloves,Commodity,13101715,Natural polyisoprene NR,Commodity
03116300-0,Latex products,subcategory,"Latex products (Hierarchy: Natural rubber and latex, and associated products < Crops, products of market gardening and horticulture < Agricultural and horticultural products < Agricultural, farming, fishing, forestry and related products)",13101501,Latex rubber,Commodity,42132205,Latex Surgical gloves,Commodity,11151610,Rubber or latex thread,Commodity
03117000-4,Plants used in specific fields,category,"Plants used in specific fields (Hierarchy: Plants used in specific fields < Crops, products of market gardening and horticulture < Agricultural and horticultural products < Agricultural, farming, fishing, forestry and related products)",70141510,Fiber crops production,Commodity,10151800,Spice crop seeds and seedlings,Class,70141518,Spice crops production,Commodity
03117100-5,"Plants used in perfumery or pharmacy, or for insecticidal or similar purposes",subcategory,"Plants used in perfumery or pharmacy, or for insecticidal or similar purposes (Hierarchy: Plants used in specific fields < Crops, products of market gardening and horticulture < Agricultural and horticultural products < Agricultural, farming, fishing, forestry and related products)",70141513,Insecticidal plants production,Commodity,51461535,Commiphora myrrha resin,Commodity,51461532,Abies balsamea resin,Commodity
03117110-8,Plants used in perfumery,subcategory,"Plants used in perfumery (Hierarchy: Plants used in specific fields < Crops, products of market gardening and horticulture < Agricultural and horticultural products < Agricultural, farming, fishing, forestry and related products)",10401517,Dried cut purple fragrance rose,Commodity,10301517,Fresh cut purple fragrance rose,Commodity,10161633,Jasmine plant,Commodity
03117120-1,Plants used in pharmacy,subcategory,"Plants used in pharmacy (Hierarchy: Plants used in specific fields < Crops, products of market gardening and horticulture < Agricultural and horticultural products < Agricultural, farming, fishing, forestry and related products)",51461517,Ginseng,Commodity,51291904,Hypericum or saint johns wart,Commodity,51121908,Powdered or prepared digitalis leaf,Commodity
03117130-4,Plants used for insecticidal purposes,subcategory,"Plants used for insecticidal purposes (Hierarchy: Plants used in specific fields < Crops, products of market gardening and horticulture < Agricultural and horticultural products < Agricultural, farming, fishing, forestry and related products)",70141513,Insecticidal plants production,Commodity,10152104,Oil cake of neem,Commodity,10151928,Melia azedarach plant,Commodity
03117140-7,Plants used for fungicidal or similar purposes,subcategory,"Plants used for fungicidal or similar purposes (Hierarchy: Plants used in specific fields < Crops, products of market gardening and horticulture < Agricultural and horticultural products < Agricultural, farming, fishing, forestry and related products)",51461550,Hippocastanum + sabal serrulata + solidago v.aurea extracts,Commodity,51461547,Aqueous solution of soluble salts from sarraceniaceae or pitcher plant,Commodity,10151808,Thyme seeds or seedlings,Commodity
03117200-6,Seeds of plants used in specific fields,subcategory,"Seeds of plants used in specific fields (Hierarchy: Plants used in specific fields < Crops, products of market gardening and horticulture < Agricultural and horticultural products < Agricultural, farming, fishing, forestry and related products)",10151531,Brussel sprout seeds or seedlings,Commodity,10151800,Spice crop seeds and seedlings,Class,10151507,Cucumber seeds or seedlings,Commodity
03120000-8,Horticultural and nursery products,class,"Horticultural and nursery products (Hierarchy: Horticultural and nursery products < Agricultural and horticultural products < Agricultural, farming, fishing, forestry and related products)",10152001,Fruit tree seeds or cuttings,Commodity,70111501,Planting services or ornamental plant or bush or tree,Commodity,50491821,Organic french horticultural bean purees,Commodity
03121000-5,Horticultural products,category,"Horticultural products (Hierarchy: Horticultural products < Horticultural and nursery products < Agricultural and horticultural products < Agricultural, farming, fishing, forestry and related products)",50451821,Frozen organic french horticultural beans,Commodity,50431821,Dried organic french horticultural beans,Commodity,50601821,Frozen Non GMO french horticultural beans,Commodity
03121100-6,"Live plants, bulbs, roots, cuttings and slips",subcategory,"Live plants, bulbs, roots, cuttings and slips (Hierarchy: Horticultural products < Horticultural and nursery products < Agricultural and horticultural products < Agricultural, farming, fishing, forestry and related products)",10151901,Tulip seeds or bulbs or seedlings or cuttings,Commodity,10151900,Flower seeds and bulbs and seedlings and cuttings,Class,10151903,Daffodil seeds or bulbs or seedlings or cuttings,Commodity
03121200-7,Cut flowers,subcategory,"Cut flowers (Hierarchy: Horticultural products < Horticultural and nursery products < Agricultural and horticultural products < Agricultural, farming, fishing, forestry and related products)",10301910,Fresh cut elite rose,Commodity,10301955,Fresh cut sweet pink rose,Commodity,10302723,Fresh cut florida rose,Commodity
03121210-0,Floral arrangements,subcategory,"Floral arrangements (Hierarchy: Horticultural products < Horticultural and nursery products < Agricultural and horticultural products < Agricultural, farming, fishing, forestry and related products)",10342201,Fresh cut rose carnation peony bouquet,Commodity,10341901,Fresh cut daisy pompon chrysanthemum bouquet,Commodity,10341801,Fresh cut asiatic black out lily bouquet,Commodity
03130000-1,Beverage and spice crops,class,"Beverage and spice crops (Hierarchy: Beverage and spice crops < Agricultural and horticultural products < Agricultural, farming, fishing, forestry and related products)",70141505,Beverage crops production,Commodity,70141518,Spice crops production,Commodity,10151800,Spice crop seeds and seedlings,Class
03131000-8,Beverage crops,category,"Beverage crops (Hierarchy: Beverage crops < Beverage and spice crops < Agricultural and horticultural products < Agricultural, farming, fishing, forestry and related products)",70141505,Beverage crops production,Commodity,50171554,Herbs stems and seeds for brews,Commodity,10161502,Coffee shrubs,Commodity
03131100-9,Coffee beans,subcategory,"Coffee beans (Hierarchy: Beverage crops < Beverage and spice crops < Agricultural and horticultural products < Agricultural, farming, fishing, forestry and related products)",50201706,Coffee,Commodity,50201717,"Coffee, green",Commodity,70141505,Beverage crops production,Commodity
03131200-0,Tea bushes,subcategory,"Tea bushes (Hierarchy: Beverage crops < Beverage and spice crops < Agricultural and horticultural products < Agricultural, farming, fishing, forestry and related products)",10161508,Tea shrubs,Commodity,10201804,Live green tea rose bush,Commodity,50201710,Leaf tea,Commodity
03131300-1,Maté,subcategory,"Maté (Hierarchy: Beverage crops < Beverage and spice crops < Agricultural and horticultural products < Agricultural, farming, fishing, forestry and related products)",50201716,Mate leaf,Commodity,70141505,Beverage crops production,Commodity,50202313,"Infused beverage, herbal or plant-based",Commodity
03131400-2,Cocoa beans,subcategory,"Cocoa beans (Hierarchy: Beverage crops < Beverage and spice crops < Agricultural and horticultural products < Agricultural, farming, fishing, forestry and related products)",10152054,Cacao or cocoa tree seed,Commodity,70141506,Cocoa production,Commodity,50591823,Dried Non GMO giant white coco beans,Commodity
03132000-5,Unprocessed spices,category,"Unprocessed spices (Hierarchy: Unprocessed spices < Beverage and spice crops < Agricultural and horticultural products < Agricultural, farming, fishing, forestry and related products)",10151800,Spice crop seeds and seedlings,Class,50171559,"Cinnamon or canella, raw",Commodity,50171560,"Nutmeg, raw",Commodity
03140000-4,Animal products and related products,class,"Animal products and related products (Hierarchy: Animal products and related products < Agricultural and horticultural products < Agricultural, farming, fishing, forestry and related products)",50130000,Dairy products and eggs,Family,50110000,Meat and poultry products,Family,50131700,Milk and butter products,Class
03141000-1,Bulls' semen,category,"Bulls' semen (Hierarchy: Bulls' semen < Animal products and related products < Agricultural and horticultural products < Agricultural, farming, fishing, forestry and related products)",11131609,Bovine semen,Commodity,11131602,Semen,Commodity,42121804,Veterinary semen packaging instruments,Commodity
03142000-8,Animal products,category,"Animal products (Hierarchy: Animal products < Animal products and related products < Agricultural and horticultural products < Agricultural, farming, fishing, forestry and related products)",50130000,Dairy products and eggs,Family,50131700,Milk and butter products,Class,11131500,Animal hides and skins and animal textile materials,Class
03142100-9,Natural honey,subcategory,"Natural honey (Hierarchy: Animal products < Animal products and related products < Agricultural and horticultural products < Agricultural, farming, fishing, forestry and related products)",50192403,Honey,Commodity,50374413,Canned or jarred organic honey oranges,Commodity,50374412,Canned or jarred organic honey mandarin oranges,Commodity
03142200-0,Snails,subcategory,"Snails (Hierarchy: Animal products < Animal products and related products < Agricultural and horticultural products < Agricultural, farming, fishing, forestry and related products)",50111629,"Organic land snail, minimally processed without additions",Commodity,50111630,"Organic land snail, minimally processed with additions",Commodity,50112129,"Organic land snail, processed without additions",Commodity
03142300-1,Edible products of animal origin,subcategory,"Edible products of animal origin (Hierarchy: Animal products < Animal products and related products < Agricultural and horticultural products < Agricultural, farming, fishing, forestry and related products)",50130000,Dairy products and eggs,Family,50112015,"Lamb or mutton, processed with additions",Commodity,50151600,Edible animal oils and fats,Class
03142400-2,Waxes,subcategory,"Waxes (Hierarchy: Animal products < Animal products and related products < Agricultural and horticultural products < Agricultural, farming, fishing, forestry and related products)",50332802,Dried organic waxy currants,Commodity,50372802,Canned or jarred organic waxy currants,Commodity,50362802,Canned or jarred waxy currants,Commodity
03142500-3,Eggs,subcategory,"Eggs (Hierarchy: Animal products < Animal products and related products < Agricultural and horticultural products < Agricultural, farming, fishing, forestry and related products)",50131627,Cooked egg from chickens,Commodity,11131610,Non-edible bird and poultry eggs,Commodity,50131629,Egg products and substitutes from chickens,Commodity
03143000-5,Products of mixed farming,category,"Products of mixed farming (Hierarchy: Products of mixed farming < Animal products and related products < Agricultural and horticultural products < Agricultural, farming, fishing, forestry and related products)",50111619,"Organic mixed species meat, minimally processed without additions",Commodity,50111620,"Organic mixed species meat, minimally processed with additions",Commodity,50112119,"Organic mixed species meat, processed without additions",Commodity
03144000-2,Agricultural supplies,category,"Agricultural supplies (Hierarchy: Agricultural supplies < Animal products and related products < Agricultural and horticultural products < Agricultural, farming, fishing, forestry and related products)",10170000,Fertilizers and plant nutrients and herbicides,Family,42121800,Veterinary artificial insemination equipment and supplies,Class,10171500,Organic fertilizers and plant nutrients,Class
03200000-3,"Cereals, potatoes, vegetables, fruits and nuts",group,"Cereals, potatoes, vegetables, fruits and nuts (Hierarchy: Cereals, potatoes, vegetables, fruits and nuts < Agricultural, farming, fishing, forestry and related products)",50221100,Cereals,Class,70141516,Cereals production,Commodity,50102500,Nuts excluding wild edible nuts and groundnuts,Class
03210000-6,Cereals and potatoes,class,"Cereals and potatoes (Hierarchy: Cereals and potatoes < Cereals, potatoes, vegetables, fruits and nuts < Agricultural, farming, fishing, forestry and related products)",50221100,Cereals,Class,50221101,Cereal grains,Commodity,70141516,Cereals production,Commodity
03211000-3,Cereals,category,"Cereals (Hierarchy: Cereals < Cereals and potatoes < Cereals, potatoes, vegetables, fruits and nuts < Agricultural, farming, fishing, forestry and related products)",50221100,Cereals,Class,50221101,Cereal grains,Commodity,70141516,Cereals production,Commodity
03211100-4,Wheat,subcategory,"Wheat (Hierarchy: Cereals < Cereals and potatoes < Cereals, potatoes, vegetables, fruits and nuts < Agricultural, farming, fishing, forestry and related products)",50221110,Wheat grain,Commodity,50221113,Durum wheat,Commodity,10151601,Wheat seeds,Commodity
03211110-7,Durum wheat,subcategory,"Durum wheat (Hierarchy: Cereals < Cereals and potatoes < Cereals, potatoes, vegetables, fruits and nuts < Agricultural, farming, fishing, forestry and related products)",50221113,Durum wheat,Commodity,50221110,Wheat grain,Commodity,50221115,Hard wheat,Commodity
03211120-0,Soft wheat,subcategory,"Soft wheat (Hierarchy: Cereals < Cereals and potatoes < Cereals, potatoes, vegetables, fruits and nuts < Agricultural, farming, fishing, forestry and related products)",50221114,Soft wheat,Commodity,50221305,Wheat flour,Commodity,10151601,Wheat seeds,Commodity
03211200-5,Maize,subcategory,"Maize (Hierarchy: Cereals < Cereals and potatoes < Cereals, potatoes, vegetables, fruits and nuts < Agricultural, farming, fishing, forestry and related products)",50221109,Maize or corn grain,Commodity,10151609,Maize seeds,Commodity,50593248,Dried Non GMO precocious corn,Commodity
03211300-6,Rice,subcategory,"Rice (Hierarchy: Cereals < Cereals and potatoes < Cereals, potatoes, vegetables, fruits and nuts < Agricultural, farming, fishing, forestry and related products)",50221108,Rice grain,Commodity,50221203,Rice embryo bud cereal,Commodity,10151614,Rice seeds or seedlings,Commodity
03211400-7,Barley,subcategory,"Barley (Hierarchy: Cereals < Cereals and potatoes < Cereals, potatoes, vegetables, fruits and nuts < Agricultural, farming, fishing, forestry and related products)",50221106,Barley grain,Commodity,10151603,Barley seeds,Commodity,50221302,Barley malt,Commodity
03211500-8,Rye,subcategory,"Rye (Hierarchy: Cereals < Cereals and potatoes < Cereals, potatoes, vegetables, fruits and nuts < Agricultural, farming, fishing, forestry and related products)",50221105,Rye grain,Commodity,10151610,Rye seeds,Commodity,50221101,Cereal grains,Commodity
03211600-9,Oats,subcategory,"Oats (Hierarchy: Cereals < Cereals and potatoes < Cereals, potatoes, vegetables, fruits and nuts < Agricultural, farming, fishing, forestry and related products)",50221104,Oat grain,Commodity,10151605,Oat seeds,Commodity,10121502,Feed oats,Commodity
03211700-0,Malt,subcategory,"Malt (Hierarchy: Cereals < Cereals and potatoes < Cereals, potatoes, vegetables, fruits and nuts < Agricultural, farming, fishing, forestry and related products)",50221302,Barley malt,Commodity,50202307,Chocolate or malt or other hot beverages,Commodity,50417042,Organic mallows,Commodity
03211900-2,Grain products,subcategory,"Grain products (Hierarchy: Cereals < Cereals and potatoes < Cereals, potatoes, vegetables, fruits and nuts < Agricultural, farming, fishing, forestry and related products)",50221101,Cereal grains,Commodity,50192601,Fresh prepared potatoes or rice or pasta or stuffing,Commodity,50192603,Shelf stable prepared potatoes or rice or pasta or stuffing,Commodity
03212000-0,Potatoes and dried vegetables,category,"Potatoes and dried vegetables (Hierarchy: Potatoes and dried vegetables < Cereals and potatoes < Cereals, potatoes, vegetables, fruits and nuts < Agricultural, farming, fishing, forestry and related products)",50436708,Dried organic potato yams,Commodity,50596708,Dried Non GMO potato yams,Commodity,50595601,Dried Non GMO long white potatoes,Commodity
03212100-1,Potatoes,subcategory,"Potatoes (Hierarchy: Potatoes and dried vegetables < Cereals and potatoes < Cereals, potatoes, vegetables, fruits and nuts < Agricultural, farming, fishing, forestry and related products)",50436320,Dried organic yellow jersey sweet potatoes,Commodity,50435604,Dried organic russet potatoes,Commodity,50435602,Dried organic round white potatoes,Commodity
03212200-2,Dried leguminous vegetables and pulses,subcategory,"Dried leguminous vegetables and pulses (Hierarchy: Potatoes and dried vegetables < Cereals and potatoes < Cereals, potatoes, vegetables, fruits and nuts < Agricultural, farming, fishing, forestry and related products)",50421819,Dried fava or broad beans,Commodity,50424503,Dried green lentils,Commodity,50421846,Dried runner beans,Commodity
03212210-5,Dried leguminous vegetables,subcategory,"Dried leguminous vegetables (Hierarchy: Potatoes and dried vegetables < Cereals and potatoes < Cereals, potatoes, vegetables, fruits and nuts < Agricultural, farming, fishing, forestry and related products)",50421819,Dried fava or broad beans,Commodity,50421846,Dried runner beans,Commodity,50424502,Dried french green lentils,Commodity
03212211-2,Lentils,subcategory,"Lentils (Hierarchy: Potatoes and dried vegetables < Cereals and potatoes < Cereals, potatoes, vegetables, fruits and nuts < Agricultural, farming, fishing, forestry and related products)",50434506,Dried organic split red lentils,Commodity,50424506,Dried split red lentils,Commodity,50594506,Dried Non GMO split red lentils,Commodity
03212212-9,Chick peas,subcategory,"Chick peas (Hierarchy: Potatoes and dried vegetables < Cereals and potatoes < Cereals, potatoes, vegetables, fruits and nuts < Agricultural, farming, fishing, forestry and related products)",50596818,Dried Non GMO chickpeas,Commodity,50426818,Dried chickpeas,Commodity,50436818,Dried organic chickpeas,Commodity
03212213-6,Dried peas,subcategory,"Dried peas (Hierarchy: Potatoes and dried vegetables < Cereals and potatoes < Cereals, potatoes, vegetables, fruits and nuts < Agricultural, farming, fishing, forestry and related products)",50424002,Dried english peas,Commodity,50594002,Dried Non GMO english peas,Commodity,50434002,Dried organic english peas,Commodity
03212220-8,Pulses,subcategory,"Pulses (Hierarchy: Potatoes and dried vegetables < Cereals and potatoes < Cereals, potatoes, vegetables, fruits and nuts < Agricultural, farming, fishing, forestry and related products)",50221001,Pulse grains,Commodity,50434502,Dried organic french green lentils,Commodity,50424502,Dried french green lentils,Commodity
03220000-9,"Vegetables, fruits and nuts",class,"Vegetables, fruits and nuts (Hierarchy: Vegetables, fruits and nuts < Cereals, potatoes, vegetables, fruits and nuts < Agricultural, farming, fishing, forestry and related products)",50192110,Nuts or dried fruits,Commodity,50102500,Nuts excluding wild edible nuts and groundnuts,Class,50410000,Organic fresh vegetables,Family
03221000-6,Vegetables,category,"Vegetables (Hierarchy: Vegetables < Vegetables, fruits and nuts < Cereals, potatoes, vegetables, fruits and nuts < Agricultural, farming, fishing, forestry and related products)",50435607,Dried organic new potatoes,Commodity,50416320,Organic yellow jersey sweet potatoes,Commodity,50415607,Organic new potatoes,Commodity
03221100-7,Root and tuber vegetables,subcategory,"Root and tuber vegetables (Hierarchy: Vegetables < Vegetables, fruits and nuts < Cereals, potatoes, vegetables, fruits and nuts < Agricultural, farming, fishing, forestry and related products)",50406808,Potato yams,Commodity,50416708,Organic potato yams,Commodity,50416316,Organic oriental sweet potatoes,Commodity
03221110-0,Root vegetables,subcategory,"Root vegetables (Hierarchy: Vegetables < Vegetables, fruits and nuts < Cereals, potatoes, vegetables, fruits and nuts < Agricultural, farming, fishing, forestry and related products)",50411915,Organic egyptian turnip rooted beets,Commodity,50406808,Potato yams,Commodity,50407040,Lotus root,Commodity
03221111-7,Beetroot,subcategory,"Beetroot (Hierarchy: Vegetables < Vegetables, fruits and nuts < Cereals, potatoes, vegetables, fruits and nuts < Agricultural, farming, fishing, forestry and related products)",50431914,Dried organic egyptian flat beets,Commodity,50581912,Non GMO detroit 2 dark red beets,Commodity,50581914,Non GMO egyptian flat beets,Commodity
03221112-4,Carrots,subcategory,"Carrots (Hierarchy: Vegetables < Vegetables, fruits and nuts < Cereals, potatoes, vegetables, fruits and nuts < Agricultural, farming, fishing, forestry and related products)",50602502,Frozen Non GMO autumn king carrots,Commodity,50452502,Frozen organic autumn king carrots,Commodity,50592502,Dried Non GMO autumn king carrots,Commodity
03221113-1,Onions,subcategory,"Onions (Hierarchy: Vegetables < Vegetables, fruits and nuts < Cereals, potatoes, vegetables, fruits and nuts < Agricultural, farming, fishing, forestry and related products)",50585105,Non GMO bulb onions,Commodity,50415205,Organic bulb onions,Commodity,50585121,Non GMO yellow storage onions,Commodity
03221114-8,Turnips,subcategory,"Turnips (Hierarchy: Vegetables < Vegetables, fruits and nuts < Cereals, potatoes, vegetables, fruits and nuts < Agricultural, farming, fishing, forestry and related products)",50416505,Organic purple top white turnips,Commodity,50596505,Dried Non GMO purple top white turnips,Commodity,50606505,Frozen Non GMO purple top white turnips,Commodity
03221120-3,Tuber vegetables,subcategory,"Tuber vegetables (Hierarchy: Vegetables < Vegetables, fruits and nuts < Cereals, potatoes, vegetables, fruits and nuts < Agricultural, farming, fishing, forestry and related products)",50416320,Organic yellow jersey sweet potatoes,Commodity,50406420,Yellow jersey sweet potatoes,Commodity,50406808,Potato yams,Commodity
03221200-8,Fruit vegetables,subcategory,"Fruit vegetables (Hierarchy: Vegetables < Vegetables, fruits and nuts < Cereals, potatoes, vegetables, fruits and nuts < Agricultural, farming, fishing, forestry and related products)",50413305,Organic burpless tasty green cucumbers,Commodity,50413302,Organic armenian cucumbers,Commodity,50413310,Organic gherkin cucumbers,Commodity
03221210-1,Beans,subcategory,"Beans (Hierarchy: Vegetables < Vegetables, fruits and nuts < Cereals, potatoes, vegetables, fruits and nuts < Agricultural, farming, fishing, forestry and related products)",50431821,Dried organic french horticultural beans,Commodity,50451821,Frozen organic french horticultural beans,Commodity,50421821,Dried french horticultural beans,Commodity
03221211-8,Broad beans,subcategory,"Broad beans (Hierarchy: Vegetables < Vegetables, fruits and nuts < Cereals, potatoes, vegetables, fruits and nuts < Agricultural, farming, fishing, forestry and related products)",50421819,Dried fava or broad beans,Commodity,50401819,Fava or broad beans,Commodity,50491819,Organic fava or broad bean purees,Commodity
03221212-5,Green beans,subcategory,"Green beans (Hierarchy: Vegetables < Vegetables, fruits and nuts < Cereals, potatoes, vegetables, fruits and nuts < Agricultural, farming, fishing, forestry and related products)",50451824,Frozen organic green beans,Commodity,50401824,Green beans,Commodity,50431824,Dried organic green beans,Commodity
03221213-2,Runner beans,subcategory,"Runner beans (Hierarchy: Vegetables < Vegetables, fruits and nuts < Cereals, potatoes, vegetables, fruits and nuts < Agricultural, farming, fishing, forestry and related products)",50591846,Dried Non GMO runner beans,Commodity,50611846,Canned or jarred Non GMO runner beans,Commodity,50601846,Frozen Non GMO runner beans,Commodity
03221220-4,Peas,subcategory,"Peas (Hierarchy: Vegetables < Vegetables, fruits and nuts < Cereals, potatoes, vegetables, fruits and nuts < Agricultural, farming, fishing, forestry and related products)",50425407,Whole green peas,Commodity,50594003,Dried Non GMO garden peas,Commodity,50604003,Frozen Non GMO garden peas,Commodity
03221221-1,Garden peas,subcategory,"Garden peas (Hierarchy: Vegetables < Vegetables, fruits and nuts < Cereals, potatoes, vegetables, fruits and nuts < Agricultural, farming, fishing, forestry and related products)",50583903,Non GMO garden peas,Commodity,50404003,Garden peas,Commodity,50594003,Dried Non GMO garden peas,Commodity
03221222-8,Mange-tout,subcategory,"Mange-tout (Hierarchy: Vegetables < Vegetables, fruits and nuts < Cereals, potatoes, vegetables, fruits and nuts < Agricultural, farming, fishing, forestry and related products)",50451821,Frozen organic french horticultural beans,Commodity,50421846,Dried runner beans,Commodity,50441821,Frozen french horticultural beans,Commodity
03221230-7,Peppers,subcategory,"Peppers (Hierarchy: Vegetables < Vegetables, fruits and nuts < Cereals, potatoes, vegetables, fruits and nuts < Agricultural, farming, fishing, forestry and related products)",50405615,Bell peppers,Commodity,50435515,Dried organic bell peppers,Commodity,50415532,Organic poblano peppers,Commodity
03221240-0,Tomatoes,subcategory,"Tomatoes (Hierarchy: Vegetables < Vegetables, fruits and nuts < Cereals, potatoes, vegetables, fruits and nuts < Agricultural, farming, fishing, forestry and related products)",50586328,Non GMO hydroponic tomatoes,Commodity,50586318,Non GMO san marzano tomatoes,Commodity,50436420,Dried organic siberia tomato tomatoes,Commodity
03221250-3,Courgettes,subcategory,"Courgettes (Hierarchy: Vegetables < Vegetables, fruits and nuts < Cereals, potatoes, vegetables, fruits and nuts < Agricultural, farming, fishing, forestry and related products)",10151505,Courgette seeds or seedlings,Commodity,50466229,Canned or jarred zucchini squash,Commodity,50476229,Canned or jarred organic zucchini squash,Commodity
03221260-6,Mushrooms,subcategory,"Mushrooms (Hierarchy: Vegetables < Vegetables, fruits and nuts < Cereals, potatoes, vegetables, fruits and nuts < Agricultural, farming, fishing, forestry and related products)",50614803,Canned or jarred Non GMO champignon or white mushrooms,Commodity,50434802,Dried organic brown mushrooms,Commodity,50604803,Frozen Non GMO champignon or white mushrooms,Commodity
03221270-9,Cucumbers,subcategory,"Cucumbers (Hierarchy: Vegetables < Vegetables, fruits and nuts < Cereals, potatoes, vegetables, fruits and nuts < Agricultural, farming, fishing, forestry and related products)",50593415,Dried Non GMO long green improved cucumbers,Commodity,50433415,Dried organic long green improved cucumbers,Commodity,50433412,Dried organic japanese cucumbers,Commodity
03221300-9,Leaf vegetables,subcategory,"Leaf vegetables (Hierarchy: Vegetables < Vegetables, fruits and nuts < Cereals, potatoes, vegetables, fruits and nuts < Agricultural, farming, fishing, forestry and related products)",50404614,Green leaf lettuce,Commodity,50434607,Dried organic red leaf lettuce,Commodity,50584514,Non GMO green leaf lettuce,Commodity
03221310-2,Lettuce,subcategory,"Lettuce (Hierarchy: Vegetables < Vegetables, fruits and nuts < Cereals, potatoes, vegetables, fruits and nuts < Agricultural, farming, fishing, forestry and related products)",50414514,Organic green leaf lettuce,Commodity,50454613,Frozen organic crisphead lettuces,Commodity,50434614,Dried organic green leaf lettuce,Commodity
03221320-5,Salad leaves,subcategory,"Salad leaves (Hierarchy: Vegetables < Vegetables, fruits and nuts < Cereals, potatoes, vegetables, fruits and nuts < Agricultural, farming, fishing, forestry and related products)",50454617,Frozen organic looseleaf lettuces,Commodity,50434617,Dried organic looseleaf lettuces,Commodity,50414510,Organic baby red romaine lettuce,Commodity
03221330-8,Artichokes,subcategory,"Artichokes (Hierarchy: Vegetables < Vegetables, fruits and nuts < Cereals, potatoes, vegetables, fruits and nuts < Agricultural, farming, fishing, forestry and related products)",50601503,Frozen Non GMO french artichokes,Commodity,50411504,Organic green globe artichokes,Commodity,50451503,Frozen organic french artichokes,Commodity
03221340-1,Spinach,subcategory,"Spinach (Hierarchy: Vegetables < Vegetables, fruits and nuts < Cereals, potatoes, vegetables, fruits and nuts < Agricultural, farming, fishing, forestry and related products)",50436103,Dried organic giant winter spinach,Commodity,50436116,Dried organic wild spinach,Commodity,50416103,Organic giant winter spinach,Commodity
03221400-0,Cabbage vegetables,subcategory,"Cabbage vegetables (Hierarchy: Vegetables < Vegetables, fruits and nuts < Cereals, potatoes, vegetables, fruits and nuts < Agricultural, farming, fishing, forestry and related products)",50452304,Frozen organic white cabbages,Commodity,50592304,Dried Non GMO white cabbages,Commodity,50452301,Frozen organic black cabbages,Commodity
03221410-3,Cabbage,subcategory,"Cabbage (Hierarchy: Vegetables < Vegetables, fruits and nuts < Cereals, potatoes, vegetables, fruits and nuts < Agricultural, farming, fishing, forestry and related products)",50593002,Dried Non GMO chinese flat-headed cabbage,Commodity,50453002,Frozen organic chinese flat-headed cabbage,Commodity,50603002,Frozen Non GMO chinese flat-headed cabbage,Commodity
03221420-6,Cauliflower,subcategory,"Cauliflower (Hierarchy: Vegetables < Vegetables, fruits and nuts < Cereals, potatoes, vegetables, fruits and nuts < Agricultural, farming, fishing, forestry and related products)",50602603,Frozen Non GMO autumn giant 3 cauliflowers,Commodity,50592603,Dried Non GMO autumn giant 3 cauliflowers,Commodity,50452603,Frozen organic autumn giant 3 cauliflowers,Commodity
03221430-9,Broccoli,subcategory,"Broccoli (Hierarchy: Vegetables < Vegetables, fruits and nuts < Cereals, potatoes, vegetables, fruits and nuts < Agricultural, farming, fishing, forestry and related products)",50592002,Dried Non GMO broccoli romanesco,Commodity,50452002,Frozen organic broccoli romanesco,Commodity,50602003,Frozen Non GMO broccoli raab,Commodity
03221440-2,Brussels sprouts,subcategory,"Brussels sprouts (Hierarchy: Vegetables < Vegetables, fruits and nuts < Cereals, potatoes, vegetables, fruits and nuts < Agricultural, farming, fishing, forestry and related products)",50602102,Frozen Non GMO falstaff brussel sprouts,Commodity,50592102,Dried Non GMO falstaff brussel sprouts,Commodity,50452105,Frozen organic rampart brussel sprouts,Commodity
03222000-3,Fruit and nuts,category,"Fruit and nuts (Hierarchy: Fruit and nuts < Vegetables, fruits and nuts < Cereals, potatoes, vegetables, fruits and nuts < Agricultural, farming, fishing, forestry and related products)",50192110,Nuts or dried fruits,Commodity,70141902,Fruit or tree nuts harvesting services,Commodity,50102501,"Palm nuts and kernels, in shell",Commodity
03222100-4,Tropical fruit and nuts,subcategory,"Tropical fruit and nuts (Hierarchy: Fruit and nuts < Vegetables, fruits and nuts < Cereals, potatoes, vegetables, fruits and nuts < Agricultural, farming, fishing, forestry and related products)",50337028,Dried organic rambutan,Commodity,50537028,Dried non GMO rambutan,Commodity,50337010,Dried organic durian,Commodity
03222110-7,Tropical fruit,subcategory,"Tropical fruit (Hierarchy: Fruit and nuts < Vegetables, fruits and nuts < Cereals, potatoes, vegetables, fruits and nuts < Agricultural, farming, fishing, forestry and related products)",50325106,Dried tainung papayas,Commodity,50334519,Dried organic palmer mangoes,Commodity,50334503,Dried organic criollo mangoes,Commodity
03222111-4,Bananas,subcategory,"Bananas (Hierarchy: Fruit and nuts < Vegetables, fruits and nuts < Cereals, potatoes, vegetables, fruits and nuts < Agricultural, farming, fishing, forestry and related products)",50331707,Dried organic gros michel bananas,Commodity,50331711,Dried organic mysore bananas,Commodity,50331706,Dried organic green bananas,Commodity
03222112-1,Pineapples,subcategory,"Pineapples (Hierarchy: Fruit and nuts < Vegetables, fruits and nuts < Cereals, potatoes, vegetables, fruits and nuts < Agricultural, farming, fishing, forestry and related products)",50545610,Frozen non GMO variegated pineapple,Commodity,50535602,Dried non GMO golden pineapple,Commodity,50535610,Dried non GMO variegated pineapple,Commodity
03222113-8,Mangoes,subcategory,"Mangoes (Hierarchy: Fruit and nuts < Vegetables, fruits and nuts < Cereals, potatoes, vegetables, fruits and nuts < Agricultural, farming, fishing, forestry and related products)",50334501,Dried organic alphonso mangoes,Commodity,50334515,Dried organic manila mangoes,Commodity,50334503,Dried organic criollo mangoes,Commodity
03222114-5,Dates,subcategory,"Dates (Hierarchy: Fruit and nuts < Vegetables, fruits and nuts < Cereals, potatoes, vegetables, fruits and nuts < Agricultural, farming, fishing, forestry and related products)",50332912,Dried organic medjool/medjul dates,Commodity,50322912,Dried medjool/medjul dates,Commodity,50532907,Dried non GMO hilali dates,Commodity
03222115-2,Raisins,subcategory,"Raisins (Hierarchy: Fruit and nuts < Vegetables, fruits and nuts < Cereals, potatoes, vegetables, fruits and nuts < Agricultural, farming, fishing, forestry and related products)",50333506,Dried organic sultana grapes,Commodity,50533506,Dried non GMO sultana grapes,Commodity,50333622,Dried organic lagrein grapes,Commodity
03222116-9,Figs,subcategory,"Figs (Hierarchy: Fruit and nuts < Vegetables, fruits and nuts < Cereals, potatoes, vegetables, fruits and nuts < Agricultural, farming, fishing, forestry and related products)",50533107,Dried non GMO mediterranean figs,Commodity,50533102,Dried non GMO brown turkey figs,Commodity,50543107,Frozen non GMO mediterranean figs,Commodity
03222117-6,Avocados,subcategory,"Avocados (Hierarchy: Fruit and nuts < Vegetables, fruits and nuts < Cereals, potatoes, vegetables, fruits and nuts < Agricultural, farming, fishing, forestry and related products)",50581767,Non GMO semil 34 avocados,Commodity,50421767,Dried semil 34 avocados,Commodity,50431730,Dried organic fuerte avocados,Commodity
03222118-3,Kiwi fruit,subcategory,"Kiwi fruit (Hierarchy: Fruit and nuts < Vegetables, fruits and nuts < Cereals, potatoes, vegetables, fruits and nuts < Agricultural, farming, fishing, forestry and related products)",50543900,Frozen non GMO kiwi fruits,Class,50543903,Frozen non GMO blake kiwi fruit,Commodity,50353906,Frozen organic siberian kiwi fruit,Commodity
03222120-0,Coconuts,subcategory,"Coconuts (Hierarchy: Fruit and nuts < Vegetables, fruits and nuts < Cereals, potatoes, vegetables, fruits and nuts < Agricultural, farming, fishing, forestry and related products)",50307008,Coconuts,Commodity,50557007,Canned or jarred non GMO coconuts,Commodity,50537007,Dried non GMO coconuts,Commodity
03222200-5,Citrus fruit,subcategory,"Citrus fruit (Hierarchy: Fruit and nuts < Vegetables, fruits and nuts < Cereals, potatoes, vegetables, fruits and nuts < Agricultural, farming, fishing, forestry and related products)",50305011,California navel oranges,Commodity,50335028,Dried organic navel oranges,Commodity,50355041,Frozen organic shamouti jaffa oranges,Commodity
03222210-8,Lemons,subcategory,"Lemons (Hierarchy: Fruit and nuts < Vegetables, fruits and nuts < Cereals, potatoes, vegetables, fruits and nuts < Agricultural, farming, fishing, forestry and related products)",50534104,Dried non GMO escondido lemons,Commodity,50534103,Dried non GMO cameron highlands lemons,Commodity,50534102,Dried non GMO bearss sicilian lemons,Commodity
03222220-1,Oranges,subcategory,"Oranges (Hierarchy: Fruit and nuts < Vegetables, fruits and nuts < Cereals, potatoes, vegetables, fruits and nuts < Agricultural, farming, fishing, forestry and related products)",50315011,Organic california navel oranges,Commodity,50335022,Dried organic late valencia oranges,Commodity,50335021,Dried organic late navel oranges,Commodity
03222230-4,Grapefruit,subcategory,"Grapefruit (Hierarchy: Fruit and nuts < Vegetables, fruits and nuts < Cereals, potatoes, vegetables, fruits and nuts < Agricultural, farming, fishing, forestry and related products)",50353305,Frozen organic new zealand grapefruit,Commodity,50543305,Frozen non GMO new zealand grapefruit,Commodity,50533305,Dried non GMO new zealand grapefruit,Commodity
03222240-7,Tangerines,subcategory,"Tangerines (Hierarchy: Fruit and nuts < Vegetables, fruits and nuts < Cereals, potatoes, vegetables, fruits and nuts < Agricultural, farming, fishing, forestry and related products)",50534430,Dried non GMO ortanique tangerines,Commodity,50534402,Dried non GMO clementine tangerines,Commodity,50374430,Canned or jarred organic ortanique tangerines,Commodity
03222250-0,Limes,subcategory,"Limes (Hierarchy: Fruit and nuts < Vegetables, fruits and nuts < Cereals, potatoes, vegetables, fruits and nuts < Agricultural, farming, fishing, forestry and related products)",50354208,Frozen organic seedless limes,Commodity,50534208,Dried non GMO seedless limes,Commodity,50334208,Dried organic seedless limes,Commodity
03222300-6,Non-tropical fruit,subcategory,"Non-tropical fruit (Hierarchy: Fruit and nuts < Vegetables, fruits and nuts < Cereals, potatoes, vegetables, fruits and nuts < Agricultural, farming, fishing, forestry and related products)",50531525,Dried non GMO fuji apples,Commodity,50531572,Dried non GMO red delicious apples,Commodity,50531515,Dried non GMO cox's orange pippin apples,Commodity
03222310-9,Berry fruit,subcategory,"Berry fruit (Hierarchy: Fruit and nuts < Vegetables, fruits and nuts < Cereals, potatoes, vegetables, fruits and nuts < Agricultural, farming, fishing, forestry and related products)",50316603,Organic smoky saskatoon berries,Commodity,50316602,Organic northline saskatoon berries,Commodity,50526602,Non GMO northline saskatoon berries,Commodity
03222311-6,Currants,subcategory,"Currants (Hierarchy: Fruit and nuts < Vegetables, fruits and nuts < Cereals, potatoes, vegetables, fruits and nuts < Agricultural, farming, fishing, forestry and related products)",50532806,Dried non GMO white currants,Commodity,50532802,Dried non GMO waxy currants,Commodity,50532805,Dried non GMO red currants,Commodity
03222312-3,Gooseberries,subcategory,"Gooseberries (Hierarchy: Fruit and nuts < Vegetables, fruits and nuts < Cereals, potatoes, vegetables, fruits and nuts < Agricultural, farming, fishing, forestry and related products)",50533205,Dried non GMO london gooseberries,Commodity,50543205,Frozen non GMO london gooseberries,Commodity,50353205,Frozen organic london gooseberries,Commodity
03222313-0,Strawberries,subcategory,"Strawberries (Hierarchy: Fruit and nuts < Vegetables, fruits and nuts < Cereals, potatoes, vegetables, fruits and nuts < Agricultural, farming, fishing, forestry and related products)",50556702,Canned or jarred non GMO june bearing strawberries,Commodity,50336702,Dried organic june bearing strawberries,Commodity,50556703,Canned or jarred non GMO ever bearing strawberries,Commodity
03222314-7,Raspberries,subcategory,"Raspberries (Hierarchy: Fruit and nuts < Vegetables, fruits and nuts < Cereals, potatoes, vegetables, fruits and nuts < Agricultural, farming, fishing, forestry and related products)",50536223,Dried non GMO sweet cultivated raspberry,Commodity,50336223,Dried organic sweet cultivated raspberry,Commodity,50536200,Dried non GMO raspberries,Class
03222315-4,Cranberries,subcategory,"Cranberries (Hierarchy: Fruit and nuts < Vegetables, fruits and nuts < Cereals, potatoes, vegetables, fruits and nuts < Agricultural, farming, fishing, forestry and related products)",50532707,Dried non GMO mountain cranberries,Commodity,50352707,Frozen organic mountain cranberries,Commodity,50552708,Canned or jarred non GMO pilgrim cranberries,Commodity
03222320-2,"Apples, pears and quinces",subcategory,"Apples, pears and quinces (Hierarchy: Fruit and nuts < Vegetables, fruits and nuts < Cereals, potatoes, vegetables, fruits and nuts < Agricultural, farming, fishing, forestry and related products)",50306100,Quinces,Class,50301500,Apples,Class,50316100,Organic quinces,Class
03222321-9,Apples,subcategory,"Apples (Hierarchy: Fruit and nuts < Vegetables, fruits and nuts < Cereals, potatoes, vegetables, fruits and nuts < Agricultural, farming, fishing, forestry and related products)",50301500,Apples,Class,50331526,Dried organic gala apples,Commodity,50331525,Dried organic fuji apples,Commodity
03222322-6,Pears,subcategory,"Pears (Hierarchy: Fruit and nuts < Vegetables, fruits and nuts < Cereals, potatoes, vegetables, fruits and nuts < Agricultural, farming, fishing, forestry and related products)",50335416,Dried organic early pears,Commodity,50335412,Dried organic conference pears,Commodity,50335427,Dried organic kings royal pears,Commodity
03222323-3,Quinces,subcategory,"Quinces (Hierarchy: Fruit and nuts < Vegetables, fruits and nuts < Cereals, potatoes, vegetables, fruits and nuts < Agricultural, farming, fishing, forestry and related products)",50556100,Canned or jarred non GMO quinces,Class,50556103,Canned or jarred non GMO smyrna quince,Commodity,50546103,Frozen non GMO smyrna quince,Commodity
03222330-5,Stone fruit,subcategory,"Stone fruit (Hierarchy: Fruit and nuts < Vegetables, fruits and nuts < Cereals, potatoes, vegetables, fruits and nuts < Agricultural, farming, fishing, forestry and related products)",50202700,Fresh drupe or stone fruit juice or concentrate,Class,50305300,Peaches,Class,50301600,Apricots,Class
03222331-2,Apricots,subcategory,"Apricots (Hierarchy: Fruit and nuts < Vegetables, fruits and nuts < Cereals, potatoes, vegetables, fruits and nuts < Agricultural, farming, fishing, forestry and related products)",50371617,Canned or jarred organic fresno apricots,Commodity,50331617,Dried organic fresno apricots,Commodity,50371613,Canned or jarred organic earlicot apricots,Commodity
03222332-9,Peaches,subcategory,"Peaches (Hierarchy: Fruit and nuts < Vegetables, fruits and nuts < Cereals, potatoes, vegetables, fruits and nuts < Agricultural, farming, fishing, forestry and related products)",50305300,Peaches,Class,50335310,Dried organic country sweet peaches,Commodity,50335309,Dried organic classic peaches,Commodity
03222333-6,Cherries,subcategory,"Cherries (Hierarchy: Fruit and nuts < Vegetables, fruits and nuts < Cereals, potatoes, vegetables, fruits and nuts < Agricultural, farming, fishing, forestry and related products)",50532517,Dried non GMO early rivers cherries,Commodity,50332517,Dried organic early rivers cherries,Commodity,50532530,Dried non GMO ranier cherries,Commodity
03222334-3,Plums,subcategory,"Plums (Hierarchy: Fruit and nuts < Vegetables, fruits and nuts < Cereals, potatoes, vegetables, fruits and nuts < Agricultural, farming, fishing, forestry and related products)",50335867,Dried organic rich red plums,Commodity,50335851,Dried organic marked black plums,Commodity,50335870,Dried organic royal red plums,Commodity
03222340-8,Grapes,subcategory,"Grapes (Hierarchy: Fruit and nuts < Vegetables, fruits and nuts < Cereals, potatoes, vegetables, fruits and nuts < Agricultural, farming, fishing, forestry and related products)",50333434,Dried organic exotic grapes,Commodity,50333489,Dried organic summer royal grapes,Commodity,50333440,Dried organic flaming red grapes,Commodity
03222341-5,Table grapes,subcategory,"Table grapes (Hierarchy: Fruit and nuts < Vegetables, fruits and nuts < Cereals, potatoes, vegetables, fruits and nuts < Agricultural, farming, fishing, forestry and related products)",50523492,Non GMO thompson seedless grapes,Commodity,50523468,Non GMO prima black seedless grapes,Commodity,50303468,Prima black seedless grapes,Commodity
03222342-2,Wine grapes,subcategory,"Wine grapes (Hierarchy: Fruit and nuts < Vegetables, fruits and nuts < Cereals, potatoes, vegetables, fruits and nuts < Agricultural, farming, fishing, forestry and related products)",50303600,Wine grapes,Class,50523600,Non GMO wine grapes,Class,50353600,Frozen organic wine grapes,Class
03222400-7,Olives,subcategory,"Olives (Hierarchy: Fruit and nuts < Vegetables, fruits and nuts < Cereals, potatoes, vegetables, fruits and nuts < Agricultural, farming, fishing, forestry and related products)",50307801,Dried cured non-heat sterilized organic agrinion olives,Commodity,50307806,Dried cured non-heat sterilized organic arbequina olives,Commodity,50307820,Dried cured non-heat sterilized organic mission olives,Commodity
03300000-2,"Farming, hunting and fishing products",group,"Farming, hunting and fishing products (Hierarchy: Farming, hunting and fishing products < Agricultural, farming, fishing, forestry and related products)",70000000,Farming and Fishing and Forestry and Wildlife Contracting Services,Segment,21000000,Farming and Fishing and Forestry and Wildlife Machinery and Accessories,Segment,49131600,Hunting products,Class
03310000-5,"Fish, crustaceans and aquatic products",class,"Fish, crustaceans and aquatic products (Hierarchy: Fish, crustaceans and aquatic products < Farming, hunting and fishing products < Agricultural, farming, fishing, forestry and related products)",50122522,Farm raised pacific white shrimp,Commodity,50122513,Farm raised freshwater shrimp,Commodity,50122519,Farm raised king crab,Commodity
03311000-2,Fish,category,"Fish (Hierarchy: Fish < Fish, crustaceans and aquatic products < Farming, hunting and fishing products < Agricultural, farming, fishing, forestry and related products)",50122100,Farm raised fish,Class,50122111,Farm raised catfish,Commodity,50122158,Farm raised tilefish,Commodity
03311100-3,Flat fish,subcategory,"Flat fish (Hierarchy: Fish < Fish, crustaceans and aquatic products < Farming, hunting and fishing products < Agricultural, farming, fishing, forestry and related products)",50122127,Farm raised flounder,Commodity,50122158,Farm raised tilefish,Commodity,50122171,Farm raised basa,Commodity
03311110-6,Sole,subcategory,"Sole (Hierarchy: Fish < Fish, crustaceans and aquatic products < Farming, hunting and fishing products < Agricultural, farming, fishing, forestry and related products)",50122123,Farm raised dover sole,Commodity,50122023,Wild caught dover sole,Commodity,10101706,Live sole,Commodity
03311120-9,Plaice,subcategory,"Plaice (Hierarchy: Fish < Fish, crustaceans and aquatic products < Farming, hunting and fishing products < Agricultural, farming, fishing, forestry and related products)",50122127,Farm raised flounder,Commodity,50122027,Wild caught flounder,Commodity,50122101,Farm raised alaska pollock,Commodity
03311200-4,Fish of the cod family,subcategory,"Fish of the cod family (Hierarchy: Fish < Fish, crustaceans and aquatic products < Farming, hunting and fishing products < Agricultural, farming, fishing, forestry and related products)",50122116,Farm raised cod,Commodity,50122016,Wild caught cod,Commodity,50122129,Farm raised haddock,Commodity
03311210-7,Cod,subcategory,"Cod (Hierarchy: Fish < Fish, crustaceans and aquatic products < Farming, hunting and fishing products < Agricultural, farming, fishing, forestry and related products)",50122116,Farm raised cod,Commodity,50122016,Wild caught cod,Commodity,50122138,Farm raised lingcod,Commodity
03311220-0,Pollock,subcategory,"Pollock (Hierarchy: Fish < Fish, crustaceans and aquatic products < Farming, hunting and fishing products < Agricultural, farming, fishing, forestry and related products)",50122101,Farm raised alaska pollock,Commodity,50122104,Farm raised atlantic ocean perch,Commodity,50122001,Wild caught alaska pollock,Commodity
03311230-3,Hake,subcategory,"Hake (Hierarchy: Fish < Fish, crustaceans and aquatic products < Farming, hunting and fishing products < Agricultural, farming, fishing, forestry and related products)",50122130,Farm raised hake,Commodity,50122129,Farm raised haddock,Commodity,50122030,Wild caught hake,Commodity
03311240-6,Haddock,subcategory,"Haddock (Hierarchy: Fish < Fish, crustaceans and aquatic products < Farming, hunting and fishing products < Agricultural, farming, fishing, forestry and related products)",50122129,Farm raised haddock,Commodity,50122130,Farm raised hake,Commodity,50122029,Wild caught haddock,Commodity
03311300-5,Herring,subcategory,"Herring (Hierarchy: Fish < Fish, crustaceans and aquatic products < Farming, hunting and fishing products < Agricultural, farming, fishing, forestry and related products)",50122132,Farm raised herring,Commodity,50122032,Wild caught herring,Commodity,50122133,Farm raised hoki,Commodity
03311400-6,Tuna,subcategory,"Tuna (Hierarchy: Fish < Fish, crustaceans and aquatic products < Farming, hunting and fishing products < Agricultural, farming, fishing, forestry and related products)",50122164,Farm raised yellowfin tuna,Commodity,50122108,Farm raised bluefin tuna,Commodity,50122102,Farm raised albacore tuna,Commodity
03311500-7,Whiting,subcategory,"Whiting (Hierarchy: Fish < Fish, crustaceans and aquatic products < Farming, hunting and fishing products < Agricultural, farming, fishing, forestry and related products)",50122137,Farm raised lake whitefish,Commodity,50122133,Farm raised hoki,Commodity,50122127,Farm raised flounder,Commodity
03311600-8,Whitebait,subcategory,"Whitebait (Hierarchy: Fish < Fish, crustaceans and aquatic products < Farming, hunting and fishing products < Agricultural, farming, fishing, forestry and related products)",50122100,Farm raised fish,Class,50122152,Farm raised smelt,Commodity,50122166,Farm raised anchovy,Commodity
03311700-9,Salmon,subcategory,"Salmon (Hierarchy: Fish < Fish, crustaceans and aquatic products < Farming, hunting and fishing products < Agricultural, farming, fishing, forestry and related products)",50122105,Farm raised atlantic salmon,Commodity,50122113,Farm raised chinook salmon,Commodity,50122154,Farm raised sockeye salmon,Commodity
03312000-9,Crustaceans,category,"Crustaceans (Hierarchy: Crustaceans < Fish, crustaceans and aquatic products < Farming, hunting and fishing products < Agricultural, farming, fishing, forestry and related products)",50122510,Farm raised dungeness crab,Commodity,50122522,Farm raised pacific white shrimp,Commodity,50122529,Farm raised spanner crab,Commodity
03312100-0,Oysters,subcategory,"Oysters (Hierarchy: Crustaceans < Fish, crustaceans and aquatic products < Farming, hunting and fishing products < Agricultural, farming, fishing, forestry and related products)",50122521,Farm raised pacific oyster,Commodity,50122512,Farm raised european oyster,Commodity,50122511,Farm raised eastern oyster,Commodity
03312200-1,Shellfish,subcategory,"Shellfish (Hierarchy: Crustaceans < Fish, crustaceans and aquatic products < Farming, hunting and fishing products < Agricultural, farming, fishing, forestry and related products)",50122522,Farm raised pacific white shrimp,Commodity,50122510,Farm raised dungeness crab,Commodity,50122504,Farm raised black tiger shrimp,Commodity
03312300-2,Aquatic invertebrates,subcategory,"Aquatic invertebrates (Hierarchy: Crustaceans < Fish, crustaceans and aquatic products < Farming, hunting and fishing products < Agricultural, farming, fishing, forestry and related products)",50122513,Farm raised freshwater shrimp,Commodity,50122509,Farm raised crayfish,Commodity,50122522,Farm raised pacific white shrimp,Commodity
03313000-6,Aquatic products,category,"Aquatic products (Hierarchy: Aquatic products < Fish, crustaceans and aquatic products < Farming, hunting and fishing products < Agricultural, farming, fishing, forestry and related products)",50122528,Farm raised snow crab,Commodity,50122522,Farm raised pacific white shrimp,Commodity,50122530,Farm raised spiny lobster,Commodity
03313100-7,Corals or similar products,subcategory,"Corals or similar products (Hierarchy: Aquatic products < Fish, crustaceans and aquatic products < Farming, hunting and fishing products < Agricultural, farming, fishing, forestry and related products)",50122508,Farm raised conch,Commodity,50122524,Farm raised pink shrimp,Commodity,50122519,Farm raised king crab,Commodity
03313200-8,Natural sponges,subcategory,"Natural sponges (Hierarchy: Aquatic products < Fish, crustaceans and aquatic products < Farming, hunting and fishing products < Agricultural, farming, fishing, forestry and related products)",10101810,Live sponge,Commodity,47131603,Sponges,Commodity,50121705,Fresh aquatic invertebrates,Commodity
03313300-9,Seaweeds,subcategory,"Seaweeds (Hierarchy: Aquatic products < Fish, crustaceans and aquatic products < Farming, hunting and fishing products < Agricultural, farming, fishing, forestry and related products)",50595813,Dried Non GMO seaweeds,Commodity,50435813,Dried organic seaweeds,Commodity,50455813,Frozen organic seaweeds,Commodity
03313310-2,Algae,subcategory,"Algae (Hierarchy: Aquatic products < Fish, crustaceans and aquatic products < Farming, hunting and fishing products < Agricultural, farming, fishing, forestry and related products)",50475810,Canned or jarred organic red algae,Commodity,50455810,Frozen organic red algae,Commodity,50435810,Dried organic red algae,Commodity
03320000-8,"Cattle, livestock and small animals",class,"Cattle, livestock and small animals (Hierarchy: Cattle, livestock and small animals < Farming, hunting and fishing products < Agricultural, farming, fishing, forestry and related products)",10101516,Cattle,Commodity,70000000,Farming and Fishing and Forestry and Wildlife Contracting Services,Segment,10101500,Livestock,Class
03321000-5,Cattle,category,"Cattle (Hierarchy: Cattle < Cattle, livestock and small animals < Farming, hunting and fishing products < Agricultural, farming, fishing, forestry and related products)",10101516,Cattle,Commodity,50111601,"Organic beef, minimally processed without additions",Commodity,70121608,Bovine production services,Commodity
03321100-6,Bovine cattle,subcategory,"Bovine cattle (Hierarchy: Cattle < Cattle, livestock and small animals < Farming, hunting and fishing products < Agricultural, farming, fishing, forestry and related products)",10101516,Cattle,Commodity,70121608,Bovine production services,Commodity,11131609,Bovine semen,Commodity
03321200-7,Calves,subcategory,"Calves (Hierarchy: Cattle < Cattle, livestock and small animals < Farming, hunting and fishing products < Agricultural, farming, fishing, forestry and related products)",10101516,Cattle,Commodity,50111607,"Organic veal, minimally processed without additions",Commodity,50112107,"Organic veal, processed without additions",Commodity
03322000-2,Livestock,category,"Livestock (Hierarchy: Livestock < Cattle, livestock and small animals < Farming, hunting and fishing products < Agricultural, farming, fishing, forestry and related products)",10101516,Cattle,Commodity,10101500,Livestock,Class,70121600,Livestock industry,Class
03322100-3,Sheep,subcategory,"Sheep (Hierarchy: Livestock < Cattle, livestock and small animals < Farming, hunting and fishing products < Agricultural, farming, fishing, forestry and related products)",10101507,Sheep,Commodity,50111611,"Organic lamb or mutton, minimally processed without additions",Commodity,50111523,"Lamb or mutton, minimally processed without additions",Commodity
03322200-4,Goats,subcategory,"Goats (Hierarchy: Livestock < Cattle, livestock and small animals < Farming, hunting and fishing products < Agricultural, farming, fishing, forestry and related products)",10101508,Goats,Commodity,50111525,"Goat, minimally processed without additions",Commodity,50112016,"Goat, processed without additions",Commodity
03322300-5,Horses,subcategory,"Horses (Hierarchy: Livestock < Cattle, livestock and small animals < Farming, hunting and fishing products < Agricultural, farming, fishing, forestry and related products)",10101506,Horses,Commodity,50111535,"Horse, minimally processed without additions",Commodity,50112026,"Horse, processed without additions",Commodity
03323000-9,Pigs,category,"Pigs (Hierarchy: Pigs < Cattle, livestock and small animals < Farming, hunting and fishing products < Agricultural, farming, fishing, forestry and related products)",50111603,"Organic pork, minimally processed without additions",Commodity,50111514,"Pork, minimally processed without additions",Commodity,50111604,"Organic pork, minimally processed with additions",Commodity
03324000-6,Live poultry,category,"Live poultry (Hierarchy: Live poultry < Cattle, livestock and small animals < Farming, hunting and fishing products < Agricultural, farming, fishing, forestry and related products)",10101601,Live chickens,Commodity,10101603,Live turkeys,Commodity,10101602,Live ducks,Commodity
03325000-3,Small animals,category,"Small animals (Hierarchy: Small animals < Cattle, livestock and small animals < Farming, hunting and fishing products < Agricultural, farming, fishing, forestry and related products)",70000000,Farming and Fishing and Forestry and Wildlife Contracting Services,Segment,50111537,"Rabbit, minimally processed without additions",Commodity,21000000,Farming and Fishing and Forestry and Wildlife Machinery and Accessories,Segment
03325100-4,Rabbits,subcategory,"Rabbits (Hierarchy: Small animals < Cattle, livestock and small animals < Farming, hunting and fishing products < Agricultural, farming, fishing, forestry and related products)",10101512,Rabbits,Commodity,50111537,"Rabbit, minimally processed without additions",Commodity,50111625,"Organic rabbit, minimally processed without additions",Commodity
03325200-5,Hares,subcategory,"Hares (Hierarchy: Small animals < Cattle, livestock and small animals < Farming, hunting and fishing products < Agricultural, farming, fishing, forestry and related products)",50111625,"Organic rabbit, minimally processed without additions",Commodity,50111626,"Organic rabbit, minimally processed with additions",Commodity,50112028,"Rabbit, processed without additions",Commodity
03330000-3,Farm animal products,class,"Farm animal products (Hierarchy: Farm animal products < Farming, hunting and fishing products < Agricultural, farming, fishing, forestry and related products)",50130000,Dairy products and eggs,Family,50122100,Farm raised fish,Class,50203200,Raw milk products,Class
03331000-0,Fresh milk from sheep and goats,category,"Fresh milk from sheep and goats (Hierarchy: Fresh milk from sheep and goats < Farm animal products < Farming, hunting and fishing products < Agricultural, farming, fishing, forestry and related products)",50203203,Raw sheep milk,Commodity,50203202,Raw goat milk,Commodity,50111525,"Goat, minimally processed without additions",Commodity
03331100-1,Sheep's milk,subcategory,"Sheep's milk (Hierarchy: Fresh milk from sheep and goats < Farm animal products < Farming, hunting and fishing products < Agricultural, farming, fishing, forestry and related products)",50203203,Raw sheep milk,Commodity,50131701,Fresh milk or butter products,Commodity,10101507,Sheep,Commodity
03331200-2,Goats' milk,subcategory,"Goats' milk (Hierarchy: Fresh milk from sheep and goats < Farm animal products < Farming, hunting and fishing products < Agricultural, farming, fishing, forestry and related products)",50203202,Raw goat milk,Commodity,50111613,"Organic goat, minimally processed without additions",Commodity,50111525,"Goat, minimally processed without additions",Commodity
03332000-7,Wool and animal hair,category,"Wool and animal hair (Hierarchy: Wool and animal hair < Farm animal products < Farming, hunting and fishing products < Agricultural, farming, fishing, forestry and related products)",11151508,Wool fibers,Commodity,11131506,Unprocessed wool,Commodity,11151708,Animal hair yarn,Commodity
03332100-8,Shorn wool,subcategory,"Shorn wool (Hierarchy: Wool and animal hair < Farm animal products < Farming, hunting and fishing products < Agricultural, farming, fishing, forestry and related products)",11161607,Wool degreased or carbonized and not carded or combed,Commodity,11131506,Unprocessed wool,Commodity,11151508,Wool fibers,Commodity
03332200-9,Animal hair,subcategory,"Animal hair (Hierarchy: Wool and animal hair < Farm animal products < Farming, hunting and fishing products < Agricultural, farming, fishing, forestry and related products)",11151508,Wool fibers,Commodity,11131506,Unprocessed wool,Commodity,11151708,Animal hair yarn,Commodity
03333000-4,Fresh cows' milk,category,"Fresh cows' milk (Hierarchy: Fresh cows' milk < Farm animal products < Farming, hunting and fishing products < Agricultural, farming, fishing, forestry and related products)",50203205,Raw cow milk,Commodity,50131701,Fresh milk or butter products,Commodity,50203200,Raw milk products,Class
03340000-6,Animal ear tags,class,"Animal ear tags (Hierarchy: Animal ear tags < Farming, hunting and fishing products < Agricultural, farming, fishing, forestry and related products)",21101905,Livestock identification equipment,Commodity,21000000,Farming and Fishing and Forestry and Wildlife Machinery and Accessories,Segment,41102603,Animal identification supplies,Commodity
03341000-3,Bovine ear tags,category,"Bovine ear tags (Hierarchy: Bovine ear tags < Animal ear tags < Farming, hunting and fishing products < Agricultural, farming, fishing, forestry and related products)",21101905,Livestock identification equipment,Commodity,41102603,Animal identification supplies,Commodity,70121706,Livestock identification and recording service,Commodity
03400000-4,Forestry and logging products,group,"Forestry and logging products (Hierarchy: Forestry and logging products < Agricultural, farming, fishing, forestry and related products)",21000000,Farming and Fishing and Forestry and Wildlife Machinery and Accessories,Segment,70000000,Farming and Fishing and Forestry and Wildlife Contracting Services,Segment,70151700,Forestry harvesting,Class
03410000-7,Wood,class,"Wood (Hierarchy: Wood < Forestry and logging products < Agricultural, farming, fishing, forestry and related products)",11121600,Wood,Class,21000000,Farming and Fishing and Forestry and Wildlife Machinery and Accessories,Segment,70151706,Temperate forest harvesting,Commodity
03411000-4,Coniferous wood,category,"Coniferous wood (Hierarchy: Coniferous wood < Wood < Forestry and logging products < Agricultural, farming, fishing, forestry and related products)",11121616,Pine wood,Commodity,10161509,Conifer trees,Commodity,10161510,Spruce trees,Commodity
03412000-1,Tropical wood,category,"Tropical wood (Hierarchy: Tropical wood < Wood < Forestry and logging products < Agricultural, farming, fishing, forestry and related products)",70151707,Tropical high forests harvesting,Commodity,11121614,Teak wood,Commodity,11121627,Ceiba wood,Commodity
03413000-8,Fuel wood,category,"Fuel wood (Hierarchy: Fuel wood < Wood < Forestry and logging products < Agricultural, farming, fishing, forestry and related products)",15101616,Firewood,Commodity,15101615,Wood chip fuel,Commodity,40102101,Wood fueled fireplace,Commodity
03414000-5,Rough wood,category,"Rough wood (Hierarchy: Rough wood < Wood < Forestry and logging products < Agricultural, farming, fishing, forestry and related products)",70151700,Forestry harvesting,Class,70151701,Logging or felling,Commodity,70151600,Forestry industry,Class
03415000-2,Softwood,category,"Softwood (Hierarchy: Softwood < Wood < Forestry and logging products < Agricultural, farming, fishing, forestry and related products)",11121616,Pine wood,Commodity,11121604,Soft timber,Commodity,11121625,Eucalyptus wood,Commodity
03416000-9,Wood waste,category,"Wood waste (Hierarchy: Wood waste < Wood < Forestry and logging products < Agricultural, farming, fishing, forestry and related products)",11141606,Wood waste or scrap,Commodity,11121702,Wood chips,Commodity,11121701,Saw dust,Commodity
03417000-6,Scrap wood,category,"Scrap wood (Hierarchy: Scrap wood < Wood < Forestry and logging products < Agricultural, farming, fishing, forestry and related products)",11141606,Wood waste or scrap,Commodity,76122308,Recycling of wood,Commodity,15101615,Wood chip fuel,Commodity
03417100-7,Sawdust,subcategory,"Sawdust (Hierarchy: Scrap wood < Wood < Forestry and logging products < Agricultural, farming, fishing, forestry and related products)",11121701,Saw dust,Commodity,11141606,Wood waste or scrap,Commodity,23153136,Saw dust chutes,Commodity
03418000-3,Logs,category,"Logs (Hierarchy: Logs < Wood < Forestry and logging products < Agricultural, farming, fishing, forestry and related products)",11121603,Logs,Commodity,21000000,Farming and Fishing and Forestry and Wildlife Machinery and Accessories,Segment,27111551,Log saw,Commodity
03418100-4,Hardwood,subcategory,"Hardwood (Hierarchy: Logs < Wood < Forestry and logging products < Agricultural, farming, fishing, forestry and related products)",11121610,Hardwoods,Commodity,11121603,Logs,Commodity,70151600,Forestry industry,Class
03419000-0,Timber,category,"Timber (Hierarchy: Timber < Wood < Forestry and logging products < Agricultural, farming, fishing, forestry and related products)",70151603,Timber production services,Commodity,70000000,Farming and Fishing and Forestry and Wildlife Contracting Services,Segment,21000000,Farming and Fishing and Forestry and Wildlife Machinery and Accessories,Segment
03419100-1,Timber products,subcategory,"Timber products (Hierarchy: Timber < Wood < Forestry and logging products < Agricultural, farming, fishing, forestry and related products)",70151603,Timber production services,Commodity,11122005,Glued laminated timber,Commodity,11122008,Cross laminated timber,Commodity
03419200-2,Mining timber,subcategory,"Mining timber (Hierarchy: Timber < Wood < Forestry and logging products < Agricultural, farming, fishing, forestry and related products)",70151700,Forestry harvesting,Class,70151603,Timber production services,Commodity,70151706,Temperate forest harvesting,Commodity
03420000-0,Gums,class,"Gums (Hierarchy: Gums < Forestry and logging products < Agricultural, farming, fishing, forestry and related products)",31201603,Gums,Commodity,13111102,Gum rosin,Commodity,21000000,Farming and Fishing and Forestry and Wildlife Machinery and Accessories,Segment
03421000-7,Balsams,category,"Balsams (Hierarchy: Balsams < Gums < Forestry and logging products < Agricultural, farming, fishing, forestry and related products)",51461532,Abies balsamea resin,Commodity,11121709,Balsams,Commodity,51461521,Balsam peru,Commodity
03422000-4,Lac,category,"Lac (Hierarchy: Lac < Gums < Forestry and logging products < Agricultural, farming, fishing, forestry and related products)",11121503,Lac,Commodity,70151703,Forest harvesting specialized operations,Commodity,11121603,Logs,Commodity
03430000-3,Cork,class,"Cork (Hierarchy: Cork < Forestry and logging products < Agricultural, farming, fishing, forestry and related products)",11121606,Cork,Commodity,60124001,Cork sheets,Commodity,30161714,Cork flooring,Commodity
03431000-0,Natural cork,category,"Natural cork (Hierarchy: Natural cork < Cork < Forestry and logging products < Agricultural, farming, fishing, forestry and related products)",11121606,Cork,Commodity,60124001,Cork sheets,Commodity,60124002,Cork stoppers or accessories,Commodity
03432000-7,Basketware,category,"Basketware (Hierarchy: Basketware < Cork < Forestry and logging products < Agricultural, farming, fishing, forestry and related products)",60122301,Basketry reed,Commodity,24112006,Non metallic baskets,Commodity,48101906,Food service serving baskets,Commodity
03432100-8,Wickerwork,subcategory,"Wickerwork (Hierarchy: Basketware < Cork < Forestry and logging products < Agricultural, farming, fishing, forestry and related products)",73111507,Cane or wickerware processing services,Commodity,60122301,Basketry reed,Commodity,60122302,Basketry project kits,Commodity
03440000-6,Forestry products,class,"Forestry products (Hierarchy: Forestry products < Forestry and logging products < Agricultural, farming, fishing, forestry and related products)",11121603,Logs,Commodity,70151903,Fuel wood resources,Commodity,11122006,Treated timber,Commodity
03441000-3,"Ornamental plants, grasses, mosses or lichens",category,"Ornamental plants, grasses, mosses or lichens (Hierarchy: Ornamental plants, grasses, mosses or lichens < Forestry products < Forestry and logging products < Agricultural, farming, fishing, forestry and related products)",10502121,Fresh cut variegated zebra grass,Commodity,10502925,Fresh cut horsetail or snake grass,Commodity,10160000,Floriculture and silviculture products,Family
03450000-9,Tree-nursery products,class,"Tree-nursery products (Hierarchy: Tree-nursery products < Forestry and logging products < Agricultural, farming, fishing, forestry and related products)",10152000,Tree and shrub seeds and cuttings,Class,10152001,Fruit tree seeds or cuttings,Commodity,10152002,Conifer tree seeds or cuttings,Commodity
03451000-6,Plants,category,"Plants (Hierarchy: Plants < Tree-nursery products < Forestry and logging products < Agricultural, farming, fishing, forestry and related products)",70111501,Planting services or ornamental plant or bush or tree,Commodity,10160000,Floriculture and silviculture products,Family,70111500,Plants and ornamental trees,Class
03451100-7,Bedding plants,subcategory,"Bedding plants (Hierarchy: Plants < Tree-nursery products < Forestry and logging products < Agricultural, farming, fishing, forestry and related products)",10160000,Floriculture and silviculture products,Family,70151509,Forest nursery management,Commodity,70111501,Planting services or ornamental plant or bush or tree,Commodity
03451200-8,Flower bulbs,subcategory,"Flower bulbs (Hierarchy: Plants < Tree-nursery products < Forestry and logging products < Agricultural, farming, fishing, forestry and related products)",10151906,Lily Bulbs,Commodity,10151905,Hyacinth bulbs or shoots,Commodity,50417036,Organic lily bulb,Commodity
03451300-9,Shrubs,subcategory,"Shrubs (Hierarchy: Plants < Tree-nursery products < Forestry and logging products < Agricultural, farming, fishing, forestry and related products)",10161507,Rhododendron shrubs,Commodity,10161500,Trees and shrubs,Class,10161502,Coffee shrubs,Commodity
03452000-3,Trees,category,"Trees (Hierarchy: Trees < Tree-nursery products < Forestry and logging products < Agricultural, farming, fishing, forestry and related products)",10152001,Fruit tree seeds or cuttings,Commodity,70151509,Forest nursery management,Commodity,70141801,Orchard tree or vine planting services,Commodity
03460000-2,Pulp,class,"Pulp (Hierarchy: Pulp < Forestry and logging products < Agricultural, farming, fishing, forestry and related products)",60122509,Pulp or raw materials for hand made paper,Commodity,11121607,Wood pulp,Commodity,50307503,Pulp,Commodity
03461000-9,Wood pulp,category,"Wood pulp (Hierarchy: Wood pulp < Pulp < Forestry and logging products < Agricultural, farming, fishing, forestry and related products)",11121607,Wood pulp,Commodity,60122509,Pulp or raw materials for hand made paper,Commodity,23151905,Wood pulp or dissolver machines,Commodity
03461100-0,Chemical wood pulp,subcategory,"Chemical wood pulp (Hierarchy: Wood pulp < Pulp < Forestry and logging products < Agricultural, farming, fishing, forestry and related products)",11121607,Wood pulp,Commodity,23151905,Wood pulp or dissolver machines,Commodity,23151909,Wood pulper,Commodity
09000000-3,"Petroleum products, fuel, electricity and other sources of energy",division,"Petroleum products, fuel, electricity and other sources of energy (Hierarchy: Petroleum products, fuel, electricity and other sources of energy)",15101500,Petroleum and distillates,Class,15000000,Fuels and Fuel Additives and Lubricants and Anti corrosive Materials,Segment,15101505,Diesel fuel,Commodity
09100000-0,Fuels,group,"Fuels (Hierarchy: Fuels < Petroleum products, fuel, electricity and other sources of energy)",15101702,#4 or #6 Residual heavy fuel oils,Commodity,15101500,Petroleum and distillates,Class,15101800,Plant based liquid fuels or biofuels,Class
09110000-3,Solid fuels,class,"Solid fuels (Hierarchy: Solid fuels < Fuels < Petroleum products, fuel, electricity and other sources of energy)",15101611,Anthracite or hard coal,Commodity,15101600,Solid and gel fuels,Class,15101613,Raw coal,Commodity
09111000-0,Coal and coal-based fuels,category,"Coal and coal-based fuels (Hierarchy: Coal and coal-based fuels < Solid fuels < Fuels < Petroleum products, fuel, electricity and other sources of energy)",15101611,Anthracite or hard coal,Commodity,15101613,Raw coal,Commodity,15111508,Coal gas,Commodity
09111100-1,Coal,subcategory,"Coal (Hierarchy: Coal and coal-based fuels < Solid fuels < Fuels < Petroleum products, fuel, electricity and other sources of energy)",15101613,Raw coal,Commodity,15101611,Anthracite or hard coal,Commodity,15101614,Energy coal,Commodity
09111200-2,Coal-based fuels,subcategory,"Coal-based fuels (Hierarchy: Coal and coal-based fuels < Solid fuels < Fuels < Petroleum products, fuel, electricity and other sources of energy)",15111508,Coal gas,Commodity,15101613,Raw coal,Commodity,15101611,Anthracite or hard coal,Commodity
09111210-5,Hard coal,subcategory,"Hard coal (Hierarchy: Coal and coal-based fuels < Solid fuels < Fuels < Petroleum products, fuel, electricity and other sources of energy)",15101611,Anthracite or hard coal,Commodity,15101613,Raw coal,Commodity,15101614,Energy coal,Commodity
09111220-8,Briquettes,subcategory,"Briquettes (Hierarchy: Coal and coal-based fuels < Solid fuels < Fuels < Petroleum products, fuel, electricity and other sources of energy)",15101609,Briquette,Commodity,21102101,Agricultural briquetting or pelting machines,Commodity,15101512,Petroleum coke or pet coke,Commodity
09111300-3,Fossil fuels,subcategory,"Fossil fuels (Hierarchy: Coal and coal-based fuels < Solid fuels < Fuels < Petroleum products, fuel, electricity and other sources of energy)",15101611,Anthracite or hard coal,Commodity,15101613,Raw coal,Commodity,15101614,Energy coal,Commodity
09111400-4,Wood fuels,subcategory,"Wood fuels (Hierarchy: Coal and coal-based fuels < Solid fuels < Fuels < Petroleum products, fuel, electricity and other sources of energy)",15101615,Wood chip fuel,Commodity,40102101,Wood fueled fireplace,Commodity,11121702,Wood chips,Commodity
09112000-7,Lignite and peat,category,"Lignite and peat (Hierarchy: Lignite and peat < Solid fuels < Fuels < Petroleum products, fuel, electricity and other sources of energy)",15101602,Lignite,Commodity,15101603,Peat,Commodity,15101601,Sub bituminous or weak coal,Commodity
09112100-8,Lignite,subcategory,"Lignite (Hierarchy: Lignite and peat < Solid fuels < Fuels < Petroleum products, fuel, electricity and other sources of energy)",15101602,Lignite,Commodity,15101601,Sub bituminous or weak coal,Commodity,15101603,Peat,Commodity
09112200-9,Peat,subcategory,"Peat (Hierarchy: Lignite and peat < Solid fuels < Fuels < Petroleum products, fuel, electricity and other sources of energy)",15101603,Peat,Commodity,15101602,Lignite,Commodity,11121703,Peat moss,Commodity
09113000-4,Coke,category,"Coke (Hierarchy: Coke < Solid fuels < Fuels < Petroleum products, fuel, electricity and other sources of energy)",15101604,Coke,Commodity,15101512,Petroleum coke or pet coke,Commodity,15101614,Energy coal,Commodity
09120000-6,Gaseous fuels,class,"Gaseous fuels (Hierarchy: Gaseous fuels < Fuels < Petroleum products, fuel, electricity and other sources of energy)",15111512,Compressed natural gas CNG,Commodity,15111500,Gaseous fuels,Class,15110000,Gaseous fuels and additives,Family
09121000-3,"Coal gas, mains gas or similar gases",category,"Coal gas, mains gas or similar gases (Hierarchy: Coal gas, mains gas or similar gases < Gaseous fuels < Fuels < Petroleum products, fuel, electricity and other sources of energy)",15111508,Coal gas,Commodity,15111500,Gaseous fuels,Class,15110000,Gaseous fuels and additives,Family
09121100-4,Coal gas or similar gases,subcategory,"Coal gas or similar gases (Hierarchy: Coal gas, mains gas or similar gases < Gaseous fuels < Fuels < Petroleum products, fuel, electricity and other sources of energy)",15111508,Coal gas,Commodity,15111507,Water gas or producer gas,Commodity,15111500,Gaseous fuels,Class
09121200-5,Mains gas,subcategory,"Mains gas (Hierarchy: Coal gas, mains gas or similar gases < Gaseous fuels < Fuels < Petroleum products, fuel, electricity and other sources of energy)",40102004,Natural gas powered boilers,Commodity,15111500,Gaseous fuels,Class,83101601,Supply of natural gas,Commodity
09122000-0,Propane and butane,category,"Propane and butane (Hierarchy: Propane and butane < Gaseous fuels < Fuels < Petroleum products, fuel, electricity and other sources of energy)",39112603,Kerosene or propane or natural gas or butane lantern,Commodity,15111501,Propane,Commodity,15111505,Butane,Commodity
09122100-1,Propane gas,subcategory,"Propane gas (Hierarchy: Propane and butane < Gaseous fuels < Fuels < Petroleum products, fuel, electricity and other sources of energy)",15111501,Propane,Commodity,40102005,Propane gas powered boilers,Commodity,39112603,Kerosene or propane or natural gas or butane lantern,Commodity
09122110-4,Liquefied propane gas,subcategory,"Liquefied propane gas (Hierarchy: Propane and butane < Gaseous fuels < Fuels < Petroleum products, fuel, electricity and other sources of energy)",15111510,Liquified petroleum gas,Commodity,39112603,Kerosene or propane or natural gas or butane lantern,Commodity,40102005,Propane gas powered boilers,Commodity
09122200-2,Butane gas,subcategory,"Butane gas (Hierarchy: Propane and butane < Gaseous fuels < Fuels < Petroleum products, fuel, electricity and other sources of energy)",39112603,Kerosene or propane or natural gas or butane lantern,Commodity,15111505,Butane,Commodity,15110000,Gaseous fuels and additives,Family
09122210-5,Liquefied butane gas,subcategory,"Liquefied butane gas (Hierarchy: Propane and butane < Gaseous fuels < Fuels < Petroleum products, fuel, electricity and other sources of energy)",15111510,Liquified petroleum gas,Commodity,15111505,Butane,Commodity,39112603,Kerosene or propane or natural gas or butane lantern,Commodity
09123000-7,Natural gas,category,"Natural gas (Hierarchy: Natural gas < Gaseous fuels < Fuels < Petroleum products, fuel, electricity and other sources of energy)",15111512,Compressed natural gas CNG,Commodity,71171601,Compositional analysis of natural gas,Commodity,71171602,Analysis of carbon dioxide CO2 in natural gas,Commodity
09130000-9,Petroleum and distillates,class,"Petroleum and distillates (Hierarchy: Petroleum and distillates < Fuels < Petroleum products, fuel, electricity and other sources of energy)",15101500,Petroleum and distillates,Class,15101505,Diesel fuel,Commodity,15101506,Gasoline or Petrol,Commodity
09131000-6,Aviation kerosene,category,"Aviation kerosene (Hierarchy: Aviation kerosene < Petroleum and distillates < Fuels < Petroleum products, fuel, electricity and other sources of energy)",15101504,Aviation fuel,Commodity,15101500,Petroleum and distillates,Class,15101502,Kerosene,Commodity
09131100-7,Kerosene jet type fuels,subcategory,"Kerosene jet type fuels (Hierarchy: Aviation kerosene < Petroleum and distillates < Fuels < Petroleum products, fuel, electricity and other sources of energy)",15101504,Aviation fuel,Commodity,15101500,Petroleum and distillates,Class,15101502,Kerosene,Commodity
09132000-3,Petrol,category,"Petrol (Hierarchy: Petrol < Petroleum and distillates < Fuels < Petroleum products, fuel, electricity and other sources of energy)",15101506,Gasoline or Petrol,Commodity,15101500,Petroleum and distillates,Class,27112916,Liquid fuel dispenser or gasoline pump,Commodity
09132100-4,Unleaded petrol,subcategory,"Unleaded petrol (Hierarchy: Petrol < Petroleum and distillates < Fuels < Petroleum products, fuel, electricity and other sources of energy)",15101506,Gasoline or Petrol,Commodity,26101503,Gasoline engines,Commodity,23111605,Gasoline hydrotreater,Commodity
09132200-5,Leaded petrol,subcategory,"Leaded petrol (Hierarchy: Petrol < Petroleum and distillates < Fuels < Petroleum products, fuel, electricity and other sources of energy)",15101500,Petroleum and distillates,Class,15111708,Tetraethyllead,Commodity,15101506,Gasoline or Petrol,Commodity
09132300-6,Petrol with ethanol,subcategory,"Petrol with ethanol (Hierarchy: Petrol < Petroleum and distillates < Fuels < Petroleum products, fuel, electricity and other sources of energy)",15101500,Petroleum and distillates,Class,15101506,Gasoline or Petrol,Commodity,15100000,Fuels,Family
09133000-0,Liquefied Petroleum Gas (LPG),category,"Liquefied Petroleum Gas (LPG) (Hierarchy: Liquefied Petroleum Gas (LPG) < Petroleum and distillates < Fuels < Petroleum products, fuel, electricity and other sources of energy)",15111510,Liquified petroleum gas,Commodity,24111832,LPG bulk tank,Commodity,40151586,Liquefied petroleum gas dispensing pump,Commodity
09134000-7,Gas oils,category,"Gas oils (Hierarchy: Gas oils < Petroleum and distillates < Fuels < Petroleum products, fuel, electricity and other sources of energy)",15101702,#4 or #6 Residual heavy fuel oils,Commodity,15101703,No.5 Residual heavy fuel oil,Commodity,15101500,Petroleum and distillates,Class
09134100-8,Diesel oil,subcategory,"Diesel oil (Hierarchy: Gas oils < Petroleum and distillates < Fuels < Petroleum products, fuel, electricity and other sources of energy)",15101505,Diesel fuel,Commodity,15101702,#4 or #6 Residual heavy fuel oils,Commodity,15101703,No.5 Residual heavy fuel oil,Commodity
09134200-9,Diesel fuel,subcategory,"Diesel fuel (Hierarchy: Gas oils < Petroleum and distillates < Fuels < Petroleum products, fuel, electricity and other sources of energy)",15101505,Diesel fuel,Commodity,15101513,Diesel fuel off road,Commodity,15101702,#4 or #6 Residual heavy fuel oils,Commodity
09134210-2,"Diesel fuel (0,2)",subcategory,"Diesel fuel (0,2) (Hierarchy: Gas oils < Petroleum and distillates < Fuels < Petroleum products, fuel, electricity and other sources of energy)",15101505,Diesel fuel,Commodity,15101513,Diesel fuel off road,Commodity,15101500,Petroleum and distillates,Class
09134220-5,Diesel fuel (EN 590),subcategory,"Diesel fuel (EN 590) (Hierarchy: Gas oils < Petroleum and distillates < Fuels < Petroleum products, fuel, electricity and other sources of energy)",15101505,Diesel fuel,Commodity,15101513,Diesel fuel off road,Commodity,15101500,Petroleum and distillates,Class
09134230-8,Biodiesel,subcategory,"Biodiesel (Hierarchy: Gas oils < Petroleum and distillates < Fuels < Petroleum products, fuel, electricity and other sources of energy)",15101801,Biodiesel,Commodity,15101800,Plant based liquid fuels or biofuels,Class,15101500,Petroleum and distillates,Class
09134231-5,Biodiesel (B20),subcategory,"Biodiesel (B20) (Hierarchy: Gas oils < Petroleum and distillates < Fuels < Petroleum products, fuel, electricity and other sources of energy)",15101801,Biodiesel,Commodity,15101500,Petroleum and distillates,Class,15101800,Plant based liquid fuels or biofuels,Class
09134232-2,Biodiesel (B100),subcategory,"Biodiesel (B100) (Hierarchy: Gas oils < Petroleum and distillates < Fuels < Petroleum products, fuel, electricity and other sources of energy)",15101801,Biodiesel,Commodity,15101500,Petroleum and distillates,Class,15101800,Plant based liquid fuels or biofuels,Class
09135000-4,Fuel oils,category,"Fuel oils (Hierarchy: Fuel oils < Petroleum and distillates < Fuels < Petroleum products, fuel, electricity and other sources of energy)",15101702,#4 or #6 Residual heavy fuel oils,Commodity,15101703,No.5 Residual heavy fuel oil,Commodity,15101700,Fuel Oils,Class
09135100-5,Heating oil,subcategory,"Heating oil (Hierarchy: Fuel oils < Petroleum and distillates < Fuels < Petroleum products, fuel, electricity and other sources of energy)",15101701,#2 Heating fuel oil,Commodity,15101702,#4 or #6 Residual heavy fuel oils,Commodity,15101703,No.5 Residual heavy fuel oil,Commodity
09135110-8,Low-sulphur combustible oils,subcategory,"Low-sulphur combustible oils (Hierarchy: Fuel oils < Petroleum and distillates < Fuels < Petroleum products, fuel, electricity and other sources of energy)",15101702,#4 or #6 Residual heavy fuel oils,Commodity,15101703,No.5 Residual heavy fuel oil,Commodity,15101700,Fuel Oils,Class
09200000-1,"Petroleum, coal and oil products",group,"Petroleum, coal and oil products (Hierarchy: Petroleum, coal and oil products < Petroleum products, fuel, electricity and other sources of energy)",15101500,Petroleum and distillates,Class,15101703,No.5 Residual heavy fuel oil,Commodity,15101702,#4 or #6 Residual heavy fuel oils,Commodity
09210000-4,Lubricating preparations,class,"Lubricating preparations (Hierarchy: Lubricating preparations < Petroleum, coal and oil products < Petroleum products, fuel, electricity and other sources of energy)",15120000,Lubricants and oils and greases and anti corrosives,Family,15121500,Lubricating preparations,Class,15000000,Fuels and Fuel Additives and Lubricants and Anti corrosive Materials,Segment
09211000-1,Lubricating oils and lubricating agents,category,"Lubricating oils and lubricating agents (Hierarchy: Lubricating oils and lubricating agents < Lubricating preparations < Petroleum, coal and oil products < Petroleum products, fuel, electricity and other sources of energy)",15121500,Lubricating preparations,Class,15120000,Lubricants and oils and greases and anti corrosives,Family,15000000,Fuels and Fuel Additives and Lubricants and Anti corrosive Materials,Segment
09211100-2,Motor oils,subcategory,"Motor oils (Hierarchy: Lubricating oils and lubricating agents < Lubricating preparations < Petroleum, coal and oil products < Petroleum products, fuel, electricity and other sources of energy)",15121501,Engine oil,Commodity,15120000,Lubricants and oils and greases and anti corrosives,Family,15121500,Lubricating preparations,Class
09211200-3,Compressor lube oils,subcategory,"Compressor lube oils (Hierarchy: Lubricating oils and lubricating agents < Lubricating preparations < Petroleum, coal and oil products < Petroleum products, fuel, electricity and other sources of energy)",15121500,Lubricating preparations,Class,15120000,Lubricants and oils and greases and anti corrosives,Family,15121529,Refrigerating machine oil,Commodity
09211300-4,Turbine lube oils,subcategory,"Turbine lube oils (Hierarchy: Lubricating oils and lubricating agents < Lubricating preparations < Petroleum, coal and oil products < Petroleum products, fuel, electricity and other sources of energy)",15121527,Turbine oil,Commodity,15121500,Lubricating preparations,Class,15120000,Lubricants and oils and greases and anti corrosives,Family
09211400-5,Gear oils,subcategory,"Gear oils (Hierarchy: Lubricating oils and lubricating agents < Lubricating preparations < Petroleum, coal and oil products < Petroleum products, fuel, electricity and other sources of energy)",15121503,Gear oil,Commodity,15121500,Lubricating preparations,Class,15120000,Lubricants and oils and greases and anti corrosives,Family
09211500-6,Reductor oils,subcategory,"Reductor oils (Hierarchy: Lubricating oils and lubricating agents < Lubricating preparations < Petroleum, coal and oil products < Petroleum products, fuel, electricity and other sources of energy)",15121500,Lubricating preparations,Class,12162801,Anionic friction reducers,Commodity,15000000,Fuels and Fuel Additives and Lubricants and Anti corrosive Materials,Segment
09211600-7,Oils for use in hydraulic systems and other purposes,subcategory,"Oils for use in hydraulic systems and other purposes (Hierarchy: Lubricating oils and lubricating agents < Lubricating preparations < Petroleum, coal and oil products < Petroleum products, fuel, electricity and other sources of energy)",15121504,Hydraulic oil,Commodity,15121528,Fire resistant hydraulic fluid,Commodity,15121505,Transformer oil or insulating oil,Commodity
09211610-0,Liquids for hydraulic purposes,subcategory,"Liquids for hydraulic purposes (Hierarchy: Lubricating oils and lubricating agents < Lubricating preparations < Petroleum, coal and oil products < Petroleum products, fuel, electricity and other sources of energy)",15121504,Hydraulic oil,Commodity,15121528,Fire resistant hydraulic fluid,Commodity,15121527,Turbine oil,Commodity
09211620-3,Mould release oils,subcategory,"Mould release oils (Hierarchy: Lubricating oils and lubricating agents < Lubricating preparations < Petroleum, coal and oil products < Petroleum products, fuel, electricity and other sources of energy)",15121500,Lubricating preparations,Class,15120000,Lubricants and oils and greases and anti corrosives,Family,51241536,Mineral oil/petrolatum,Commodity
09211630-6,Anti-corrosion oils,subcategory,"Anti-corrosion oils (Hierarchy: Lubricating oils and lubricating agents < Lubricating preparations < Petroleum, coal and oil products < Petroleum products, fuel, electricity and other sources of energy)",15120000,Lubricants and oils and greases and anti corrosives,Family,15121802,Anti corrosion lubricant,Commodity,15000000,Fuels and Fuel Additives and Lubricants and Anti corrosive Materials,Segment
09211640-9,Electrical insulating oils,subcategory,"Electrical insulating oils (Hierarchy: Lubricating oils and lubricating agents < Lubricating preparations < Petroleum, coal and oil products < Petroleum products, fuel, electricity and other sources of energy)",15121505,Transformer oil or insulating oil,Commodity,15121500,Lubricating preparations,Class,41122605,Microscope immersion oil,Commodity
09211650-2,Brake fluids,subcategory,"Brake fluids (Hierarchy: Lubricating oils and lubricating agents < Lubricating preparations < Petroleum, coal and oil products < Petroleum products, fuel, electricity and other sources of energy)",15121509,Brake oil,Commodity,15121500,Lubricating preparations,Class,15121528,Fire resistant hydraulic fluid,Commodity
09211700-8,White oils and liquid paraffin,subcategory,"White oils and liquid paraffin (Hierarchy: Lubricating oils and lubricating agents < Lubricating preparations < Petroleum, coal and oil products < Petroleum products, fuel, electricity and other sources of energy)",51241536,Mineral oil/petrolatum,Commodity,51241876,Mineral oil/mineral wax/petrolatum/wool wax alcohol,Commodity,51241535,Lanolin/mineral oil/petrolatum,Commodity
09211710-1,White oils,subcategory,"White oils (Hierarchy: Lubricating oils and lubricating agents < Lubricating preparations < Petroleum, coal and oil products < Petroleum products, fuel, electricity and other sources of energy)",51241536,Mineral oil/petrolatum,Commodity,51241876,Mineral oil/mineral wax/petrolatum/wool wax alcohol,Commodity,51241535,Lanolin/mineral oil/petrolatum,Commodity
09211720-4,Liquid paraffin,subcategory,"Liquid paraffin (Hierarchy: Lubricating oils and lubricating agents < Lubricating preparations < Petroleum, coal and oil products < Petroleum products, fuel, electricity and other sources of energy)",51241536,Mineral oil/petrolatum,Commodity,51241876,Mineral oil/mineral wax/petrolatum/wool wax alcohol,Commodity,51241535,Lanolin/mineral oil/petrolatum,Commodity
09211800-9,Petroleum oils and preparations,subcategory,"Petroleum oils and preparations (Hierarchy: Lubricating oils and lubricating agents < Lubricating preparations < Petroleum, coal and oil products < Petroleum products, fuel, electricity and other sources of energy)",51241536,Mineral oil/petrolatum,Commodity,15121500,Lubricating preparations,Class,15120000,Lubricants and oils and greases and anti corrosives,Family
09211810-2,Light oils,subcategory,"Light oils (Hierarchy: Lubricating oils and lubricating agents < Lubricating preparations < Petroleum, coal and oil products < Petroleum products, fuel, electricity and other sources of energy)",51241536,Mineral oil/petrolatum,Commodity,15121500,Lubricating preparations,Class,15121505,Transformer oil or insulating oil,Commodity
09211820-5,Petroleum oils,subcategory,"Petroleum oils (Hierarchy: Lubricating oils and lubricating agents < Lubricating preparations < Petroleum, coal and oil products < Petroleum products, fuel, electricity and other sources of energy)",51241536,Mineral oil/petrolatum,Commodity,15101702,#4 or #6 Residual heavy fuel oils,Commodity,51241876,Mineral oil/mineral wax/petrolatum/wool wax alcohol,Commodity
09211900-0,Lubricating traction oils,subcategory,"Lubricating traction oils (Hierarchy: Lubricating oils and lubricating agents < Lubricating preparations < Petroleum, coal and oil products < Petroleum products, fuel, electricity and other sources of energy)",15121500,Lubricating preparations,Class,15120000,Lubricants and oils and greases and anti corrosives,Family,15000000,Fuels and Fuel Additives and Lubricants and Anti corrosive Materials,Segment
09220000-7,"Petroleum jelly, waxes and special spirits",class,"Petroleum jelly, waxes and special spirits (Hierarchy: Petroleum jelly, waxes and special spirits < Petroleum, coal and oil products < Petroleum products, fuel, electricity and other sources of energy)",51241876,Mineral oil/mineral wax/petrolatum/wool wax alcohol,Commodity,51241912,Glycerin/lanolin/mineral oil/petrolatum,Commodity,51241536,Mineral oil/petrolatum,Commodity
09221000-4,Petroleum jelly and waxes,category,"Petroleum jelly and waxes (Hierarchy: Petroleum jelly and waxes < Petroleum jelly, waxes and special spirits < Petroleum, coal and oil products < Petroleum products, fuel, electricity and other sources of energy)",51241876,Mineral oil/mineral wax/petrolatum/wool wax alcohol,Commodity,51241535,Lanolin/mineral oil/petrolatum,Commodity,51241901,Cholesterol/petrolatum/stearyl alcohol/wax,Commodity
09221100-5,Petroleum jelly,subcategory,"Petroleum jelly (Hierarchy: Petroleum jelly and waxes < Petroleum jelly, waxes and special spirits < Petroleum, coal and oil products < Petroleum products, fuel, electricity and other sources of energy)",51241876,Mineral oil/mineral wax/petrolatum/wool wax alcohol,Commodity,53131641,Petroleum jelly,Commodity,51241536,Mineral oil/petrolatum,Commodity
09221200-6,Paraffin wax,subcategory,"Paraffin wax (Hierarchy: Petroleum jelly and waxes < Petroleum jelly, waxes and special spirits < Petroleum, coal and oil products < Petroleum products, fuel, electricity and other sources of energy)",51241876,Mineral oil/mineral wax/petrolatum/wool wax alcohol,Commodity,51241536,Mineral oil/petrolatum,Commodity,51241901,Cholesterol/petrolatum/stearyl alcohol/wax,Commodity
09221300-7,Petroleum wax,subcategory,"Petroleum wax (Hierarchy: Petroleum jelly and waxes < Petroleum jelly, waxes and special spirits < Petroleum, coal and oil products < Petroleum products, fuel, electricity and other sources of energy)",51241876,Mineral oil/mineral wax/petrolatum/wool wax alcohol,Commodity,51241901,Cholesterol/petrolatum/stearyl alcohol/wax,Commodity,51241909,Cetyl esters wax/mineral oil/sodium borate/white wax,Commodity
09221400-8,Petroleum residues,subcategory,"Petroleum residues (Hierarchy: Petroleum jelly and waxes < Petroleum jelly, waxes and special spirits < Petroleum, coal and oil products < Petroleum products, fuel, electricity and other sources of energy)",51241876,Mineral oil/mineral wax/petrolatum/wool wax alcohol,Commodity,51241536,Mineral oil/petrolatum,Commodity,53131641,Petroleum jelly,Commodity
09222000-1,Special spirits,category,"Special spirits (Hierarchy: Special spirits < Petroleum jelly, waxes and special spirits < Petroleum, coal and oil products < Petroleum products, fuel, electricity and other sources of energy)",51241876,Mineral oil/mineral wax/petrolatum/wool wax alcohol,Commodity,51162206,Camphor/eucalyptus oil/menthol/turpentine spirits,Commodity,15101702,#4 or #6 Residual heavy fuel oils,Commodity
09222100-2,White spirit,subcategory,"White spirit (Hierarchy: Special spirits < Petroleum jelly, waxes and special spirits < Petroleum, coal and oil products < Petroleum products, fuel, electricity and other sources of energy)",51241876,Mineral oil/mineral wax/petrolatum/wool wax alcohol,Commodity,51241536,Mineral oil/petrolatum,Commodity,31211800,Paint solvents and thinners,Class
09230000-0,Petroleum (crude),class,"Petroleum (crude) (Hierarchy: Petroleum (crude) < Petroleum, coal and oil products < Petroleum products, fuel, electricity and other sources of energy)",15101508,Crude oil,Commodity,71171503,Compositional analyses of crude oil,Commodity,15101500,Petroleum and distillates,Class
09240000-3,Oil and coal-related products,class,"Oil and coal-related products (Hierarchy: Oil and coal-related products < Petroleum, coal and oil products < Petroleum products, fuel, electricity and other sources of energy)",15101702,#4 or #6 Residual heavy fuel oils,Commodity,15101703,No.5 Residual heavy fuel oil,Commodity,15101512,Petroleum coke or pet coke,Commodity
09241000-0,Bituminous or oil shale,category,"Bituminous or oil shale (Hierarchy: Bituminous or oil shale < Oil and coal-related products < Petroleum, coal and oil products < Petroleum products, fuel, electricity and other sources of energy)",30121500,Bituminous derivatives,Class,30121504,Bitumen,Commodity,15101601,Sub bituminous or weak coal,Commodity
09242000-7,Coal-related products,category,"Coal-related products (Hierarchy: Coal-related products < Oil and coal-related products < Petroleum, coal and oil products < Petroleum products, fuel, electricity and other sources of energy)",15111508,Coal gas,Commodity,30121501,Coal tar,Commodity,15101512,Petroleum coke or pet coke,Commodity
09242100-8,Coal oil,subcategory,"Coal oil (Hierarchy: Coal-related products < Oil and coal-related products < Petroleum, coal and oil products < Petroleum products, fuel, electricity and other sources of energy)",51241608,Coal tar/lanolin/mineral oil,Commodity,15111508,Coal gas,Commodity,15101703,No.5 Residual heavy fuel oil,Commodity
09300000-2,"Electricity, heating, solar and nuclear energy",group,"Electricity, heating, solar and nuclear energy (Hierarchy: Electricity, heating, solar and nuclear energy < Petroleum products, fuel, electricity and other sources of energy)",15130000,Fuel for nuclear reactors,Family,15131500,Nuclear fuel,Class,40101807,Solar heating units,Commodity
09310000-5,Electricity,class,"Electricity (Hierarchy: Electricity < Electricity, heating, solar and nuclear energy < Petroleum products, fuel, electricity and other sources of energy)",26131507,Solar power plants,Commodity,26111602,Hydro electric generators,Commodity,83101801,Supply of single phase electricity,Commodity
09320000-8,"Steam, hot water and associated products",class,"Steam, hot water and associated products (Hierarchy: Steam, hot water and associated products < Electricity, heating, solar and nuclear energy < Petroleum products, fuel, electricity and other sources of energy)",40101858,Inline steam heater low/medium pressure,Commodity,26131508,Steam power plants,Commodity,40101859,Inline steam heater high pressure,Commodity
09321000-5,Hot water,category,"Hot water (Hierarchy: Hot water < Steam, hot water and associated products < Electricity, heating, solar and nuclear energy < Petroleum products, fuel, electricity and other sources of energy)",24111814,Hot water tank,Commodity,40101825,Domestic water heaters,Commodity,48101714,Hot water dispenser,Commodity
09322000-2,Steam,category,"Steam (Hierarchy: Steam < Steam, hot water and associated products < Electricity, heating, solar and nuclear energy < Petroleum products, fuel, electricity and other sources of energy)",26131508,Steam power plants,Commodity,40101858,Inline steam heater low/medium pressure,Commodity,26111608,Steam generators,Commodity
09323000-9,District heating,category,"District heating (Hierarchy: District heating < Steam, hot water and associated products < Electricity, heating, solar and nuclear energy < Petroleum products, fuel, electricity and other sources of energy)",83101903,District heating,Commodity,40102006,Waste heat boiler,Commodity,40102004,Natural gas powered boilers,Commodity
09324000-6,Long-distance heating,category,"Long-distance heating (Hierarchy: Long-distance heating < Steam, hot water and associated products < Electricity, heating, solar and nuclear energy < Petroleum products, fuel, electricity and other sources of energy)",83101903,District heating,Commodity,26131508,Steam power plants,Commodity,26131510,Thermal power plants,Commodity
09330000-1,Solar energy,class,"Solar energy (Hierarchy: Solar energy < Electricity, heating, solar and nuclear energy < Petroleum products, fuel, electricity and other sources of energy)",26131507,Solar power plants,Commodity,40101807,Solar heating units,Commodity,26111607,Solar generators,Commodity
09331000-8,Solar panels,category,"Solar panels (Hierarchy: Solar panels < Solar energy < Electricity, heating, solar and nuclear energy < Petroleum products, fuel, electricity and other sources of energy)",26131513,Photovoltaic module,Commodity,26131507,Solar power plants,Commodity,26111607,Solar generators,Commodity
09331100-9,Solar collectors for heat production,subcategory,"Solar collectors for heat production (Hierarchy: Solar panels < Solar energy < Electricity, heating, solar and nuclear energy < Petroleum products, fuel, electricity and other sources of energy)",40101807,Solar heating units,Commodity,60104701,Solar collecting devices,Commodity,26131507,Solar power plants,Commodity
09331200-0,Solar photovoltaic modules,subcategory,"Solar photovoltaic modules (Hierarchy: Solar panels < Solar energy < Electricity, heating, solar and nuclear energy < Petroleum products, fuel, electricity and other sources of energy)",26131513,Photovoltaic module,Commodity,32111701,Photovoltaic cells,Commodity,26131515,Photovoltaic mounting system,Commodity
09332000-5,Solar installation,category,"Solar installation (Hierarchy: Solar installation < Solar energy < Electricity, heating, solar and nuclear energy < Petroleum products, fuel, electricity and other sources of energy)",81103411,Onshore solar engineering procurement and construction service,Commodity,26131507,Solar power plants,Commodity,26131515,Photovoltaic mounting system,Commodity
09340000-4,Nuclear fuels,class,"Nuclear fuels (Hierarchy: Nuclear fuels < Electricity, heating, solar and nuclear energy < Petroleum products, fuel, electricity and other sources of energy)",15130000,Fuel for nuclear reactors,Family,15131500,Nuclear fuel,Class,15131601,Nuclear fuel rod,Commodity
09341000-1,Uranium,category,"Uranium (Hierarchy: Uranium < Nuclear fuels < Electricity, heating, solar and nuclear energy < Petroleum products, fuel, electricity and other sources of energy)",15130000,Fuel for nuclear reactors,Family,15131503,Enriched uranium,Commodity,11101603,Uranium ore,Commodity
09342000-8,Plutonium,category,"Plutonium (Hierarchy: Plutonium < Nuclear fuels < Electricity, heating, solar and nuclear energy < Petroleum products, fuel, electricity and other sources of energy)",15131505,Enriched plutonium,Commodity,12141735,Plutonium Pu,Commodity,15131506,Depleted plutonium,Commodity
09343000-5,Radioactive materials,category,"Radioactive materials (Hierarchy: Radioactive materials < Nuclear fuels < Electricity, heating, solar and nuclear energy < Petroleum products, fuel, electricity and other sources of energy)",15131602,Spent or irradiated nuclear fuel rod,Commodity,15130000,Fuel for nuclear reactors,Family,15131503,Enriched uranium,Commodity
09344000-2,Radio-isotopes,category,"Radio-isotopes (Hierarchy: Radio-isotopes < Nuclear fuels < Electricity, heating, solar and nuclear energy < Petroleum products, fuel, electricity and other sources of energy)",12142207,Radioisotope sources,Commodity,51441619,Radium-223 dichloride,Commodity,15130000,Fuel for nuclear reactors,Family
14000000-1,"Mining, basic metals and related products",division,"Mining, basic metals and related products (Hierarchy: Mining, basic metals and related products)",11100000,Minerals and ores and metals,Family,11101700,Base Metals,Class,73120000,Metal and mineral industries,Family
14200000-3,Sand and clay,group,"Sand and clay (Hierarchy: Sand and clay < Mining, basic metals and related products)",73121803,Structural clay products manufacturing services,Commodity,23161602,Foundry clays,Commodity,11111700,Sand,Class
14210000-6,"Gravel, sand, crushed stone and aggregates",class,"Gravel, sand, crushed stone and aggregates (Hierarchy: Gravel, sand, crushed stone and aggregates < Sand and clay < Mining, basic metals and related products)",30111800,Aggregates,Class,11111611,Gravel,Commodity,30111801,Natural aggregate,Commodity
14211000-3,Sand,category,"Sand (Hierarchy: Sand < Gravel, sand, crushed stone and aggregates < Sand and clay < Mining, basic metals and related products)",11111700,Sand,Class,31121219,Non metallic sand machined castings,Commodity,11111701,Silica sand,Commodity
14211100-4,Natural sand,subcategory,"Natural sand (Hierarchy: Sand < Gravel, sand, crushed stone and aggregates < Sand and clay < Mining, basic metals and related products)",11111700,Sand,Class,11111701,Silica sand,Commodity,30111801,Natural aggregate,Commodity
14212000-0,"Granules, chippings, stone powder, pebbles, gravel, broken and crushed stone, stone mixtures, sand-gravel mixtures and other aggregates",category,"Granules, chippings, stone powder, pebbles, gravel, broken and crushed stone, stone mixtures, sand-gravel mixtures and other aggregates (Hierarchy: Granules, chippings, stone powder, pebbles, gravel, broken and crushed stone, stone mixtures, sand-gravel mixtures and other aggregates < Gravel, sand, crushed stone and aggregates < Sand and clay < Mining, basic metals and related products)",11111611,Gravel,Commodity,30121709,Ungraded crushed rock,Commodity,30111800,Aggregates,Class
14212100-1,Pebbles and gravel,subcategory,"Pebbles and gravel (Hierarchy: Granules, chippings, stone powder, pebbles, gravel, broken and crushed stone, stone mixtures, sand-gravel mixtures and other aggregates < Gravel, sand, crushed stone and aggregates < Sand and clay < Mining, basic metals and related products)",11111611,Gravel,Commodity,30121709,Ungraded crushed rock,Commodity,30111800,Aggregates,Class
14212110-4,Pebbles,subcategory,"Pebbles (Hierarchy: Granules, chippings, stone powder, pebbles, gravel, broken and crushed stone, stone mixtures, sand-gravel mixtures and other aggregates < Gravel, sand, crushed stone and aggregates < Sand and clay < Mining, basic metals and related products)",30111800,Aggregates,Class,30121709,Ungraded crushed rock,Commodity,11111611,Gravel,Commodity
14212120-7,Gravel,subcategory,"Gravel (Hierarchy: Granules, chippings, stone powder, pebbles, gravel, broken and crushed stone, stone mixtures, sand-gravel mixtures and other aggregates < Gravel, sand, crushed stone and aggregates < Sand and clay < Mining, basic metals and related products)",11111611,Gravel,Commodity,30121709,Ungraded crushed rock,Commodity,30111800,Aggregates,Class
14212200-2,Aggregates,subcategory,"Aggregates (Hierarchy: Granules, chippings, stone powder, pebbles, gravel, broken and crushed stone, stone mixtures, sand-gravel mixtures and other aggregates < Gravel, sand, crushed stone and aggregates < Sand and clay < Mining, basic metals and related products)",30111800,Aggregates,Class,30111801,Natural aggregate,Commodity,73121805,Concrete or aggregates or stone products manufacturing services,Commodity
14212210-5,Sand-gravel mix,subcategory,"Sand-gravel mix (Hierarchy: Granules, chippings, stone powder, pebbles, gravel, broken and crushed stone, stone mixtures, sand-gravel mixtures and other aggregates < Gravel, sand, crushed stone and aggregates < Sand and clay < Mining, basic metals and related products)",30111800,Aggregates,Class,73121805,Concrete or aggregates or stone products manufacturing services,Commodity,30111801,Natural aggregate,Commodity
14212300-3,Broken and crushed stone,subcategory,"Broken and crushed stone (Hierarchy: Granules, chippings, stone powder, pebbles, gravel, broken and crushed stone, stone mixtures, sand-gravel mixtures and other aggregates < Gravel, sand, crushed stone and aggregates < Sand and clay < Mining, basic metals and related products)",30121709,Ungraded crushed rock,Commodity,30111800,Aggregates,Class,73121805,Concrete or aggregates or stone products manufacturing services,Commodity
14212310-6,Ballast,subcategory,"Ballast (Hierarchy: Granules, chippings, stone powder, pebbles, gravel, broken and crushed stone, stone mixtures, sand-gravel mixtures and other aggregates < Gravel, sand, crushed stone and aggregates < Sand and clay < Mining, basic metals and related products)",11111611,Gravel,Commodity,30121709,Ungraded crushed rock,Commodity,30111801,Natural aggregate,Commodity
14212320-9,Crushed granite,subcategory,"Crushed granite (Hierarchy: Granules, chippings, stone powder, pebbles, gravel, broken and crushed stone, stone mixtures, sand-gravel mixtures and other aggregates < Gravel, sand, crushed stone and aggregates < Sand and clay < Mining, basic metals and related products)",30121709,Ungraded crushed rock,Commodity,30111801,Natural aggregate,Commodity,73121805,Concrete or aggregates or stone products manufacturing services,Commodity
14212330-2,Crushed basalt,subcategory,"Crushed basalt (Hierarchy: Granules, chippings, stone powder, pebbles, gravel, broken and crushed stone, stone mixtures, sand-gravel mixtures and other aggregates < Gravel, sand, crushed stone and aggregates < Sand and clay < Mining, basic metals and related products)",30121709,Ungraded crushed rock,Commodity,30111800,Aggregates,Class,73121805,Concrete or aggregates or stone products manufacturing services,Commodity
14212400-4,Soil,subcategory,"Soil (Hierarchy: Granules, chippings, stone powder, pebbles, gravel, broken and crushed stone, stone mixtures, sand-gravel mixtures and other aggregates < Gravel, sand, crushed stone and aggregates < Sand and clay < Mining, basic metals and related products)",11111611,Gravel,Commodity,30111800,Aggregates,Class,30111803,Recycled aggregate,Commodity
14212410-7,Topsoil,subcategory,"Topsoil (Hierarchy: Granules, chippings, stone powder, pebbles, gravel, broken and crushed stone, stone mixtures, sand-gravel mixtures and other aggregates < Gravel, sand, crushed stone and aggregates < Sand and clay < Mining, basic metals and related products)",30111800,Aggregates,Class,30121709,Ungraded crushed rock,Commodity,11111503,Topsoil,Commodity
14212420-0,Subsoil,subcategory,"Subsoil (Hierarchy: Granules, chippings, stone powder, pebbles, gravel, broken and crushed stone, stone mixtures, sand-gravel mixtures and other aggregates < Gravel, sand, crushed stone and aggregates < Sand and clay < Mining, basic metals and related products)",30111800,Aggregates,Class,11111611,Gravel,Commodity,30121709,Ungraded crushed rock,Commodity
14212430-3,Stone chippings,subcategory,"Stone chippings (Hierarchy: Granules, chippings, stone powder, pebbles, gravel, broken and crushed stone, stone mixtures, sand-gravel mixtures and other aggregates < Gravel, sand, crushed stone and aggregates < Sand and clay < Mining, basic metals and related products)",30111800,Aggregates,Class,30121709,Ungraded crushed rock,Commodity,11111611,Gravel,Commodity
14213000-7,"Macadam, tarmac and tar sands",category,"Macadam, tarmac and tar sands (Hierarchy: Macadam, tarmac and tar sands < Gravel, sand, crushed stone and aggregates < Sand and clay < Mining, basic metals and related products)",30121700,Road and railroad construction materials,Class,30111800,Aggregates,Class,11111611,Gravel,Commodity
14213100-8,Macadam,subcategory,"Macadam (Hierarchy: Macadam, tarmac and tar sands < Gravel, sand, crushed stone and aggregates < Sand and clay < Mining, basic metals and related products)",30121700,Road and railroad construction materials,Class,30111800,Aggregates,Class,72141106,Gravel or dirt road construction service,Commodity
14213200-9,Tarmac,subcategory,"Tarmac (Hierarchy: Macadam, tarmac and tar sands < Gravel, sand, crushed stone and aggregates < Sand and clay < Mining, basic metals and related products)",30121700,Road and railroad construction materials,Class,72141127,"Seal coating of roads, highways and parking lots",Commodity,30122004,Non skid exterior paving material,Commodity
14213300-0,Tar sands,subcategory,"Tar sands (Hierarchy: Macadam, tarmac and tar sands < Gravel, sand, crushed stone and aggregates < Sand and clay < Mining, basic metals and related products)",30121504,Bitumen,Commodity,30111800,Aggregates,Class,30121700,Road and railroad construction materials,Class
14220000-9,Clay and kaolin,class,"Clay and kaolin (Hierarchy: Clay and kaolin < Sand and clay < Mining, basic metals and related products)",11111803,Kaolin or other kaolinic clays,Commodity,11111808,Common clay,Commodity,11111809,Ball clay,Commodity
14221000-6,Clay,category,"Clay (Hierarchy: Clay < Clay and kaolin < Sand and clay < Mining, basic metals and related products)",11111803,Kaolin or other kaolinic clays,Commodity,11111808,Common clay,Commodity,23161602,Foundry clays,Commodity
14222000-3,Kaolin,category,"Kaolin (Hierarchy: Kaolin < Clay and kaolin < Sand and clay < Mining, basic metals and related products)",11111803,Kaolin or other kaolinic clays,Commodity,51172472,Kaolin/paregoric/pectin,Commodity,51172473,Kaolin/pectin/zinc phenolsulfonate,Commodity
14300000-4,Chemical and fertiliser minerals,group,"Chemical and fertiliser minerals (Hierarchy: Chemical and fertiliser minerals < Mining, basic metals and related products)",73101600,Chemicals and fertilizers production,Class,73101609,Potash mining or processing services,Commodity,10171600,Chemical fertilizers and plant nutrients,Class
14310000-7,Fertiliser minerals,class,"Fertiliser minerals (Hierarchy: Fertiliser minerals < Chemical and fertiliser minerals < Mining, basic metals and related products)",73101609,Potash mining or processing services,Commodity,10171614,Potassium chloride for agricultural use,Commodity,10171605,Nitrogen Phosphorous Potassium Mixtures NPK,Commodity
14311000-4,"Natural calcium, aluminium calcium phosphate and crude natural potassium salts",category,"Natural calcium, aluminium calcium phosphate and crude natural potassium salts (Hierarchy: Natural calcium, aluminium calcium phosphate and crude natural potassium salts < Fertiliser minerals < Chemical and fertiliser minerals < Mining, basic metals and related products)",51171531,Aluminium phosphate,Commodity,10171611,Calcium fertilizer,Commodity,51182405,Dibase calcium phosphate,Commodity
14311100-5,Natural calcium,subcategory,"Natural calcium (Hierarchy: Natural calcium, aluminium calcium phosphate and crude natural potassium salts < Fertiliser minerals < Chemical and fertiliser minerals < Mining, basic metals and related products)",51182405,Dibase calcium phosphate,Commodity,10171611,Calcium fertilizer,Commodity,51182412,Tribasic calcium phosphates,Commodity
14311200-6,Aluminium calcium phosphates,subcategory,"Aluminium calcium phosphates (Hierarchy: Natural calcium, aluminium calcium phosphate and crude natural potassium salts < Fertiliser minerals < Chemical and fertiliser minerals < Mining, basic metals and related products)",51171531,Aluminium phosphate,Commodity,51182405,Dibase calcium phosphate,Commodity,51182412,Tribasic calcium phosphates,Commodity
14311300-7,Crude natural potassium salts,subcategory,"Crude natural potassium salts (Hierarchy: Natural calcium, aluminium calcium phosphate and crude natural potassium salts < Fertiliser minerals < Chemical and fertiliser minerals < Mining, basic metals and related products)",51191800,Potassium salts,Class,73101609,Potash mining or processing services,Commodity,10171614,Potassium chloride for agricultural use,Commodity
14312000-1,Iron pyrites,category,"Iron pyrites (Hierarchy: Iron pyrites < Fertiliser minerals < Chemical and fertiliser minerals < Mining, basic metals and related products)",11101504,Pyrite,Commodity,73101600,Chemicals and fertilizers production,Class,71131406,Iron sulfide deposit removal services,Commodity
14312100-2,Unroasted iron pyrites,subcategory,"Unroasted iron pyrites (Hierarchy: Iron pyrites < Fertiliser minerals < Chemical and fertiliser minerals < Mining, basic metals and related products)",11101504,Pyrite,Commodity,11100000,Minerals and ores and metals,Family,11101900,Intermediate processed and refined ore products,Class
14320000-0,Chemical minerals,class,"Chemical minerals (Hierarchy: Chemical minerals < Chemical and fertiliser minerals < Mining, basic metals and related products)",73101609,Potash mining or processing services,Commodity,11101612,Chromium ore,Commodity,12352311,Alumina and other aluminum compounds,Commodity
14400000-5,Salt and pure sodium chloride,group,"Salt and pure sodium chloride (Hierarchy: Salt and pure sodium chloride < Mining, basic metals and related products)",51192313,Potassium chloride/sodium chloride,Commodity,50171551,Cooking or table salt,Commodity,11101535,Halite,Commodity
14410000-8,Rock salt,class,"Rock salt (Hierarchy: Rock salt < Salt and pure sodium chloride < Mining, basic metals and related products)",11101535,Halite,Commodity,51191602,Sodium chloride electrolytes,Commodity,51192313,Potassium chloride/sodium chloride,Commodity
14420000-1,Sea salt,class,"Sea salt (Hierarchy: Sea salt < Salt and pure sodium chloride < Mining, basic metals and related products)",11101535,Halite,Commodity,11101900,Intermediate processed and refined ore products,Class,50501901,Mineral salt lick,Commodity
14430000-4,Evaporated salt and pure sodium chloride,class,"Evaporated salt and pure sodium chloride (Hierarchy: Evaporated salt and pure sodium chloride < Salt and pure sodium chloride < Mining, basic metals and related products)",51192313,Potassium chloride/sodium chloride,Commodity,50171551,Cooking or table salt,Commodity,11101535,Halite,Commodity
14450000-0,Salt in brine,class,"Salt in brine (Hierarchy: Salt in brine < Salt and pure sodium chloride < Mining, basic metals and related products)",20131202,Monovalent brines,Commodity,51192313,Potassium chloride/sodium chloride,Commodity,10121701,Fresh or frozen brine,Commodity
14500000-6,Related mining and quarrying products,group,"Related mining and quarrying products (Hierarchy: Related mining and quarrying products < Mining, basic metals and related products)",20100000,Mining and quarrying machinery and equipment,Family,20000000,Mining and Well Drilling Machinery and Accessories,Segment,20101700,Crushers and breakers and grinders,Class
14520000-2,"Precious and semi-precious stones, pumice stone, emery, natural abrasives, other minerals and precious metals",class,"Precious and semi-precious stones, pumice stone, emery, natural abrasives, other minerals and precious metals (Hierarchy: Precious and semi-precious stones, pumice stone, emery, natural abrasives, other minerals and precious metals < Related mining and quarrying products < Mining, basic metals and related products)",11101502,Emery,Commodity,31191517,Emery boards,Commodity,11111610,Pumice stone,Commodity
14521000-9,Precious and semi-precious stones,category,"Precious and semi-precious stones (Hierarchy: Precious and semi-precious stones < Precious and semi-precious stones, pumice stone, emery, natural abrasives, other minerals and precious metals < Related mining and quarrying products < Mining, basic metals and related products)",54121800,Industrial precious and semi precious stones,Class,11101502,Emery,Commodity,11111610,Pumice stone,Commodity
14521100-0,Precious stones,subcategory,"Precious stones (Hierarchy: Precious and semi-precious stones < Precious and semi-precious stones, pumice stone, emery, natural abrasives, other minerals and precious metals < Related mining and quarrying products < Mining, basic metals and related products)",54121800,Industrial precious and semi precious stones,Class,11111610,Pumice stone,Commodity,11101502,Emery,Commodity
14521140-2,Dust or powder of precious stones,subcategory,"Dust or powder of precious stones (Hierarchy: Precious and semi-precious stones < Precious and semi-precious stones, pumice stone, emery, natural abrasives, other minerals and precious metals < Related mining and quarrying products < Mining, basic metals and related products)",11101502,Emery,Commodity,42152481,Dental abrasive pastes and powders,Commodity,31191500,Abrasives and abrasive media,Class
14521200-1,Semi-precious stones,subcategory,"Semi-precious stones (Hierarchy: Precious and semi-precious stones < Precious and semi-precious stones, pumice stone, emery, natural abrasives, other minerals and precious metals < Related mining and quarrying products < Mining, basic metals and related products)",54121600,Semi precious stones,Class,54121800,Industrial precious and semi precious stones,Class,11101502,Emery,Commodity
14521210-4,Dust or powder of semi-precious stones,subcategory,"Dust or powder of semi-precious stones (Hierarchy: Precious and semi-precious stones < Precious and semi-precious stones, pumice stone, emery, natural abrasives, other minerals and precious metals < Related mining and quarrying products < Mining, basic metals and related products)",11101502,Emery,Commodity,31191517,Emery boards,Commodity,31191510,Abrasive stones,Commodity
14522000-6,"Industrial diamonds, pumice stone, emery and other natural abrasives",category,"Industrial diamonds, pumice stone, emery and other natural abrasives (Hierarchy: Industrial diamonds, pumice stone, emery and other natural abrasives < Precious and semi-precious stones, pumice stone, emery, natural abrasives, other minerals and precious metals < Related mining and quarrying products < Mining, basic metals and related products)",54121801,Industrial diamonds,Commodity,11101502,Emery,Commodity,31191500,Abrasives and abrasive media,Class
14522100-7,Pumice stone,subcategory,"Pumice stone (Hierarchy: Industrial diamonds, pumice stone, emery and other natural abrasives < Precious and semi-precious stones, pumice stone, emery, natural abrasives, other minerals and precious metals < Related mining and quarrying products < Mining, basic metals and related products)",11111610,Pumice stone,Commodity,31191510,Abrasive stones,Commodity,31191500,Abrasives and abrasive media,Class
14522200-8,Industrial diamonds,subcategory,"Industrial diamonds (Hierarchy: Industrial diamonds, pumice stone, emery and other natural abrasives < Precious and semi-precious stones, pumice stone, emery, natural abrasives, other minerals and precious metals < Related mining and quarrying products < Mining, basic metals and related products)",54121801,Industrial diamonds,Commodity,31191602,Abrasive diamond wheels,Commodity,54121800,Industrial precious and semi precious stones,Class
14522300-9,Emery,subcategory,"Emery (Hierarchy: Industrial diamonds, pumice stone, emery and other natural abrasives < Precious and semi-precious stones, pumice stone, emery, natural abrasives, other minerals and precious metals < Related mining and quarrying products < Mining, basic metals and related products)",11101502,Emery,Commodity,31191517,Emery boards,Commodity,31191500,Abrasives and abrasive media,Class
14522400-0,Natural abrasives,subcategory,"Natural abrasives (Hierarchy: Industrial diamonds, pumice stone, emery and other natural abrasives < Precious and semi-precious stones, pumice stone, emery, natural abrasives, other minerals and precious metals < Related mining and quarrying products < Mining, basic metals and related products)",11111610,Pumice stone,Commodity,11101502,Emery,Commodity,54121801,Industrial diamonds,Commodity
14523000-3,"Related minerals, precious metals and associated products",category,"Related minerals, precious metals and associated products (Hierarchy: Related minerals, precious metals and associated products < Precious and semi-precious stones, pumice stone, emery, natural abrasives, other minerals and precious metals < Related mining and quarrying products < Mining, basic metals and related products)",11101502,Emery,Commodity,31191510,Abrasive stones,Commodity,11111610,Pumice stone,Commodity
14523100-4,Minerals,subcategory,"Minerals (Hierarchy: Related minerals, precious metals and associated products < Precious and semi-precious stones, pumice stone, emery, natural abrasives, other minerals and precious metals < Related mining and quarrying products < Mining, basic metals and related products)",11111610,Pumice stone,Commodity,31191510,Abrasive stones,Commodity,11101502,Emery,Commodity
14523200-5,Gold,subcategory,"Gold (Hierarchy: Related minerals, precious metals and associated products < Precious and semi-precious stones, pumice stone, emery, natural abrasives, other minerals and precious metals < Related mining and quarrying products < Mining, basic metals and related products)",12141717,Gold Au,Commodity,11101801,Gold,Commodity,11101616,Gold ore,Commodity
14523300-6,Silver,subcategory,"Silver (Hierarchy: Related minerals, precious metals and associated products < Precious and semi-precious stones, pumice stone, emery, natural abrasives, other minerals and precious metals < Related mining and quarrying products < Mining, basic metals and related products)",11101607,Silver ore,Commodity,11101802,Silver,Commodity,12141740,Silver Ag,Commodity
14523400-7,Platinum,subcategory,"Platinum (Hierarchy: Related minerals, precious metals and associated products < Precious and semi-precious stones, pumice stone, emery, natural abrasives, other minerals and precious metals < Related mining and quarrying products < Mining, basic metals and related products)",11101618,Platinum ore,Commodity,12141734,Platinum Pt,Commodity,11101803,Platinum,Commodity
14600000-7,Metal ores and alloys,group,"Metal ores and alloys (Hierarchy: Metal ores and alloys < Mining, basic metals and related products)",11101601,Iron ore,Commodity,11101605,Aluminum ore,Commodity,11101604,Copper ore,Commodity
14610000-0,Metal ores,class,"Metal ores (Hierarchy: Metal ores < Metal ores and alloys < Mining, basic metals and related products)",11101601,Iron ore,Commodity,11101901,Iron ore concentrate,Commodity,11101912,Iron ore lumps,Commodity
14611000-7,Iron ores,category,"Iron ores (Hierarchy: Iron ores < Metal ores < Metal ores and alloys < Mining, basic metals and related products)",11101601,Iron ore,Commodity,11101901,Iron ore concentrate,Commodity,11101912,Iron ore lumps,Commodity
14612000-4,Non-ferrous metal ores,category,"Non-ferrous metal ores (Hierarchy: Non-ferrous metal ores < Metal ores < Metal ores and alloys < Mining, basic metals and related products)",11101606,Nickel ore,Commodity,11101613,Tungsten or wolfram ore,Commodity,11101604,Copper ore,Commodity
14612100-5,Copper ores,subcategory,"Copper ores (Hierarchy: Non-ferrous metal ores < Metal ores < Metal ores and alloys < Mining, basic metals and related products)",11101604,Copper ore,Commodity,11191802,Copper sulphide,Commodity,11101906,Copper concentrate,Commodity
14612200-6,Nickel ores,subcategory,"Nickel ores (Hierarchy: Non-ferrous metal ores < Metal ores < Metal ores and alloys < Mining, basic metals and related products)",11101606,Nickel ore,Commodity,11191803,Nickel sulphide,Commodity,11101902,Nickel concentrate,Commodity
14612300-7,Aluminium ores,subcategory,"Aluminium ores (Hierarchy: Non-ferrous metal ores < Metal ores < Metal ores and alloys < Mining, basic metals and related products)",11101625,Bauxite ore,Commodity,11101605,Aluminum ore,Commodity,20131106,Sintered bauxites,Commodity
14612400-8,Precious-metal ores,subcategory,"Precious-metal ores (Hierarchy: Non-ferrous metal ores < Metal ores < Metal ores and alloys < Mining, basic metals and related products)",11101616,Gold ore,Commodity,11101618,Platinum ore,Commodity,11101607,Silver ore,Commodity
14612500-9,Lead ores,subcategory,"Lead ores (Hierarchy: Non-ferrous metal ores < Metal ores < Metal ores and alloys < Mining, basic metals and related products)",11101608,Lead ore,Commodity,11101924,Lead concentrate,Commodity,11101607,Silver ore,Commodity
14612600-0,Zinc ores,subcategory,"Zinc ores (Hierarchy: Non-ferrous metal ores < Metal ores < Metal ores and alloys < Mining, basic metals and related products)",11101609,Zinc ore,Commodity,11101923,Zinc concentrate,Commodity,11101719,Zinc,Commodity
14612700-1,Tin ores,subcategory,"Tin ores (Hierarchy: Non-ferrous metal ores < Metal ores < Metal ores and alloys < Mining, basic metals and related products)",11101610,Tin ore,Commodity,11101602,Titanium ore,Commodity,11101716,Tin,Commodity
14613000-1,Uranium and thorium ores,category,"Uranium and thorium ores (Hierarchy: Uranium and thorium ores < Metal ores < Metal ores and alloys < Mining, basic metals and related products)",11101603,Uranium ore,Commodity,11101620,Thorium ore,Commodity,11100000,Minerals and ores and metals,Family
14613100-2,Uranium ores,subcategory,"Uranium ores (Hierarchy: Uranium and thorium ores < Metal ores < Metal ores and alloys < Mining, basic metals and related products)",11101603,Uranium ore,Commodity,11101620,Thorium ore,Commodity,12141748,Uranium U,Commodity
14613200-3,Thorium ores,subcategory,"Thorium ores (Hierarchy: Uranium and thorium ores < Metal ores < Metal ores and alloys < Mining, basic metals and related products)",11101620,Thorium ore,Commodity,12141744,Thorium Th,Commodity,11100000,Minerals and ores and metals,Family
14614000-8,Miscellaneous ores,category,"Miscellaneous ores (Hierarchy: Miscellaneous ores < Metal ores < Metal ores and alloys < Mining, basic metals and related products)",11191805,Ash containing metals or metallic compounds except precious metals,Commodity,11101614,Molybdenum ore,Commodity,11101613,Tungsten or wolfram ore,Commodity
14620000-3,Alloys,class,"Alloys (Hierarchy: Alloys < Metal ores and alloys < Mining, basic metals and related products)",30265700,Ferrous alloy ingots strips billets and coil,Class,30265600,Ferrous alloy bars and sheets,Class,11170000,Alloys,Family
14621000-0,Ferro-alloys,category,"Ferro-alloys (Hierarchy: Ferro-alloys < Alloys < Metal ores and alloys < Mining, basic metals and related products)",11172304,Low carbon ferro manganese alloy,Commodity,11172301,Ferro manganese alloy,Commodity,11171604,Ferro nickel alloy,Commodity
14621100-1,Non-ECSC ferro-alloys,subcategory,"Non-ECSC ferro-alloys (Hierarchy: Ferro-alloys < Alloys < Metal ores and alloys < Mining, basic metals and related products)",11172304,Low carbon ferro manganese alloy,Commodity,11172301,Ferro manganese alloy,Commodity,11172302,Med carbon ferro manganese alloy,Commodity
14621110-4,Ferro-manganese,subcategory,"Ferro-manganese (Hierarchy: Ferro-alloys < Alloys < Metal ores and alloys < Mining, basic metals and related products)",11172304,Low carbon ferro manganese alloy,Commodity,11172301,Ferro manganese alloy,Commodity,11172302,Med carbon ferro manganese alloy,Commodity
14621120-7,Ferro-chromium,subcategory,"Ferro-chromium (Hierarchy: Ferro-alloys < Alloys < Metal ores and alloys < Mining, basic metals and related products)",11101612,Chromium ore,Commodity,30265700,Ferrous alloy ingots strips billets and coil,Class,30265600,Ferrous alloy bars and sheets,Class
14621130-0,Ferro-nickel,subcategory,"Ferro-nickel (Hierarchy: Ferro-alloys < Alloys < Metal ores and alloys < Mining, basic metals and related products)",11171604,Ferro nickel alloy,Commodity,30265700,Ferrous alloy ingots strips billets and coil,Class,30265600,Ferrous alloy bars and sheets,Class
14622000-7,Steel,category,"Steel (Hierarchy: Steel < Alloys < Metal ores and alloys < Mining, basic metals and related products)",11101704,Steel,Commodity,30264105,Steel alloy SAE 9000 series hot rolled sheet,Commodity,30263901,High strength low alloy HSLA steel hot rolled bar,Commodity
14630000-6,"Slag, dross, ferrous waste and scrap",class,"Slag, dross, ferrous waste and scrap (Hierarchy: Slag, dross, ferrous waste and scrap < Metal ores and alloys < Mining, basic metals and related products)",11191603,Ferrous alloy scrap,Commodity,11190000,Metal waste scrap and by products,Family,11191602,Basic steel scrap,Commodity
14700000-8,Basic metals,group,"Basic metals (Hierarchy: Basic metals < Mining, basic metals and related products)",11101700,Base Metals,Class,11101601,Iron ore,Commodity,11191602,Basic steel scrap,Commodity
14710000-1,"Iron, lead, zinc, tin and copper",class,"Iron, lead, zinc, tin and copper (Hierarchy: Iron, lead, zinc, tin and copper < Basic metals < Mining, basic metals and related products)",11101713,Iron,Commodity,30265500,Iron ingots strips billets and coil,Class,12141721,Iron Fe,Commodity
14711000-8,Iron,category,"Iron (Hierarchy: Iron < Iron, lead, zinc, tin and copper < Basic metals < Mining, basic metals and related products)",30265500,Iron ingots strips billets and coil,Class,11101601,Iron ore,Commodity,11101901,Iron ore concentrate,Commodity
14711100-9,Pig iron,subcategory,"Pig iron (Hierarchy: Iron < Iron, lead, zinc, tin and copper < Basic metals < Mining, basic metals and related products)",11101920,Pig iron,Commodity,30265506,Malleable iron billet,Commodity,30265304,Malleable iron cast bar,Commodity
14712000-5,Lead,category,"Lead (Hierarchy: Lead < Iron, lead, zinc, tin and copper < Basic metals < Mining, basic metals and related products)",30263302,Lead hot rolled bar,Commodity,30263401,Lead hot rolled sheet,Commodity,11101714,Lead,Commodity
14713000-2,Zinc,category,"Zinc (Hierarchy: Zinc < Iron, lead, zinc, tin and copper < Basic metals < Mining, basic metals and related products)",30262900,Zinc ingots strips billets and coil,Class,30262801,Hot rolled zinc bar,Commodity,30262904,Zinc ingot,Commodity
14714000-9,Tin,category,"Tin (Hierarchy: Tin < Iron, lead, zinc, tin and copper < Basic metals < Mining, basic metals and related products)",11101716,Tin,Commodity,30263203,Tin ingot,Commodity,31133408,Warm forged heat treated and cold sized tin forging,Commodity
14715000-6,Copper,category,"Copper (Hierarchy: Copper < Iron, lead, zinc, tin and copper < Basic metals < Mining, basic metals and related products)",12141711,Copper Cu,Commodity,30262405,Copper ingot,Commodity,30262400,Copper ingots strip billets and coil,Class
14720000-4,"Aluminium, nickel, scandium, titanium and vanadium",class,"Aluminium, nickel, scandium, titanium and vanadium (Hierarchy: Aluminium, nickel, scandium, titanium and vanadium < Basic metals < Mining, basic metals and related products)",12141613,Scandium Sc,Commodity,30262100,Titanium ingots strips billets and coil,Class,12141749,Vanadium V,Commodity
14721000-1,Aluminium,category,"Aluminium (Hierarchy: Aluminium < Aluminium, nickel, scandium, titanium and vanadium < Basic metals < Mining, basic metals and related products)",30265200,Aluminum strips and ingots,Class,30265202,Aluminum ingot,Commodity,11101705,Aluminum,Commodity
14721100-2,Aluminium oxide,subcategory,"Aluminium oxide (Hierarchy: Aluminium < Aluminium, nickel, scandium, titanium and vanadium < Basic metals < Mining, basic metals and related products)",11181511,Aluminum oxide,Commodity,12352311,Alumina and other aluminum compounds,Commodity,31371105,High alumina bricks,Commodity
14722000-8,Nickel,category,"Nickel (Hierarchy: Nickel < Aluminium, nickel, scandium, titanium and vanadium < Basic metals < Mining, basic metals and related products)",11101706,Nickel,Commodity,30266600,Nickel sheets and ingots,Class,12141729,Nickel Ni,Commodity
14723000-5,Scandium,category,"Scandium (Hierarchy: Scandium < Aluminium, nickel, scandium, titanium and vanadium < Basic metals < Mining, basic metals and related products)",12141613,Scandium Sc,Commodity,11101700,Base Metals,Class,73121502,Basic metal combination processes services,Commodity
14724000-2,Titanium,category,"Titanium (Hierarchy: Titanium < Aluminium, nickel, scandium, titanium and vanadium < Basic metals < Mining, basic metals and related products)",30262104,Titanium ingot,Commodity,30262100,Titanium ingots strips billets and coil,Class,31132912,Hot forged heat treated and cold sized titanium forging,Commodity
14725000-9,Vanadium,category,"Vanadium (Hierarchy: Vanadium < Aluminium, nickel, scandium, titanium and vanadium < Basic metals < Mining, basic metals and related products)",12141749,Vanadium V,Commodity,11181506,Vanadium oxide,Commodity,11171901,TA6V super alloy,Commodity
14730000-7,"Chromium, manganese, cobalt, yttrium and zirconium",class,"Chromium, manganese, cobalt, yttrium and zirconium (Hierarchy: Chromium, manganese, cobalt, yttrium and zirconium < Basic metals < Mining, basic metals and related products)",11101612,Chromium ore,Commodity,30266210,Zirconium ingot,Commodity,11101623,Zirconium ore,Commodity
14731000-4,Chromium,category,"Chromium (Hierarchy: Chromium < Chromium, manganese, cobalt, yttrium and zirconium < Basic metals < Mining, basic metals and related products)",11101612,Chromium ore,Commodity,12141709,Chromium Cr,Commodity,85434603,The diagnosis of toxic effect by chromium and its compounds,Commodity
14732000-1,Manganese,category,"Manganese (Hierarchy: Manganese < Chromium, manganese, cobalt, yttrium and zirconium < Basic metals < Mining, basic metals and related products)",11101611,Manganese ore,Commodity,11101908,Manganese sinter or pellet,Commodity,12141724,Manganese Mn,Commodity
14733000-8,Cobalt,category,"Cobalt (Hierarchy: Cobalt < Chromium, manganese, cobalt, yttrium and zirconium < Basic metals < Mining, basic metals and related products)",11101914,Cobalt ore matte,Commodity,11101615,Cobalt ore,Commodity,30266211,Cobalt ingot,Commodity
14734000-5,Yttrium,category,"Yttrium (Hierarchy: Yttrium < Chromium, manganese, cobalt, yttrium and zirconium < Basic metals < Mining, basic metals and related products)",12141617,Yttrium Y,Commodity,11101623,Zirconium ore,Commodity,30266210,Zirconium ingot,Commodity
14735000-2,Zirconium,category,"Zirconium (Hierarchy: Zirconium < Chromium, manganese, cobalt, yttrium and zirconium < Basic metals < Mining, basic metals and related products)",30266210,Zirconium ingot,Commodity,11101623,Zirconium ore,Commodity,12141751,Zirconium Zr,Commodity
14740000-0,"Molybdenum, technetium, ruthenium and rhodium",class,"Molybdenum, technetium, ruthenium and rhodium (Hierarchy: Molybdenum, technetium, ruthenium and rhodium < Basic metals < Mining, basic metals and related products)",51442700,"Technetium-based radiopharmaceuticals, imaging agents, media, and tracers",Class,30266212,Molybdenum ingot,Commodity,11101614,Molybdenum ore,Commodity
14741000-7,Molybdenum,category,"Molybdenum (Hierarchy: Molybdenum < Molybdenum, technetium, ruthenium and rhodium < Basic metals < Mining, basic metals and related products)",11101614,Molybdenum ore,Commodity,12141727,Molybdenum Mo,Commodity,30266212,Molybdenum ingot,Commodity
14742000-4,Technetium,category,"Technetium (Hierarchy: Technetium < Molybdenum, technetium, ruthenium and rhodium < Basic metals < Mining, basic metals and related products)",85882449,Planar nuclear medicine imaging of chest and abdomen using technetium 99m (tc-99m),Commodity,51442700,"Technetium-based radiopharmaceuticals, imaging agents, media, and tracers",Class,85881708,Nonimaging nuclear medicine assay of blood using technetium 99m (tc-99m),Commodity
14743000-1,Ruthenium,category,"Ruthenium (Hierarchy: Ruthenium < Molybdenum, technetium, ruthenium and rhodium < Basic metals < Mining, basic metals and related products)",12141739,Ruthenium Ru,Commodity,12161612,Purchase/reclaim precious metals for catalyst,Commodity,51442700,"Technetium-based radiopharmaceuticals, imaging agents, media, and tracers",Class
14744000-8,Rhodium,category,"Rhodium (Hierarchy: Rhodium < Molybdenum, technetium, ruthenium and rhodium < Basic metals < Mining, basic metals and related products)",12141738,Rhodium Rh,Commodity,12161612,Purchase/reclaim precious metals for catalyst,Commodity,30266200,Precious metal and specialty metal coil strips billets and ingots,Class
14750000-3,"Cadmium, lutetium, hafnium, tantalum and tungsten",class,"Cadmium, lutetium, hafnium, tantalum and tungsten (Hierarchy: Cadmium, lutetium, hafnium, tantalum and tungsten < Basic metals < Mining, basic metals and related products)",11101710,Cadmium,Commodity,30266209,Cadmium ingot,Commodity,11101617,Tantalum ore,Commodity
14751000-0,Cadmium,category,"Cadmium (Hierarchy: Cadmium < Cadmium, lutetium, hafnium, tantalum and tungsten < Basic metals < Mining, basic metals and related products)",30266209,Cadmium ingot,Commodity,11101710,Cadmium,Commodity,12141707,Cadmium Ca,Commodity
14752000-7,Lutetium,category,"Lutetium (Hierarchy: Lutetium < Cadmium, lutetium, hafnium, tantalum and tungsten < Basic metals < Mining, basic metals and related products)",12141608,Lutetium Lu,Commodity,12141718,Hafnium Hf,Commodity,11101617,Tantalum ore,Commodity
14753000-4,Hafnium,category,"Hafnium (Hierarchy: Hafnium < Cadmium, lutetium, hafnium, tantalum and tungsten < Basic metals < Mining, basic metals and related products)",12141718,Hafnium Hf,Commodity,11101617,Tantalum ore,Commodity,12141741,Tantalum Ta,Commodity
14754000-1,Tantalum,category,"Tantalum (Hierarchy: Tantalum < Cadmium, lutetium, hafnium, tantalum and tungsten < Basic metals < Mining, basic metals and related products)",12141741,Tantalum Ta,Commodity,11101617,Tantalum ore,Commodity,30266410,Tantalum bar,Commodity
14755000-8,Tungsten,category,"Tungsten (Hierarchy: Tungsten < Cadmium, lutetium, hafnium, tantalum and tungsten < Basic metals < Mining, basic metals and related products)",11101613,Tungsten or wolfram ore,Commodity,12141747,Tungsten W,Commodity,31191603,Tungsten carbide abrasive wheels,Commodity
14760000-6,"Iridium, gallium, indium, thallium and barium",class,"Iridium, gallium, indium, thallium and barium (Hierarchy: Iridium, gallium, indium, thallium and barium < Basic metals < Mining, basic metals and related products)",15131504,Iridium,Commodity,12141505,Barium Ba,Commodity,12141715,Gallium Ga,Commodity
14761000-3,Iridium,category,"Iridium (Hierarchy: Iridium < Iridium, gallium, indium, thallium and barium < Basic metals < Mining, basic metals and related products)",15131504,Iridium,Commodity,12141720,Iridium Ir,Commodity,11101700,Base Metals,Class
14762000-0,Gallium,category,"Gallium (Hierarchy: Gallium < Iridium, gallium, indium, thallium and barium < Basic metals < Mining, basic metals and related products)",12141715,Gallium Ga,Commodity,51203701,Gallium nitrate,Commodity,11101700,Base Metals,Class
14763000-7,Indium,category,"Indium (Hierarchy: Indium < Iridium, gallium, indium, thallium and barium < Basic metals < Mining, basic metals and related products)",30266215,Indium ingot,Commodity,11101717,Indium,Commodity,12141719,Indium In,Commodity
14764000-4,Thallium,category,"Thallium (Hierarchy: Thallium < Iridium, gallium, indium, thallium and barium < Basic metals < Mining, basic metals and related products)",12141743,Thallium Tl,Commodity,85882437,Planar nuclear medicine imaging of chest and neck using thallium 201 (tl-201),Commodity,85882724,Planar nuclear medicine imaging of upper extremity using thallium 201 (tl-201),Commodity
14765000-1,Barium,category,"Barium (Hierarchy: Barium < Iridium, gallium, indium, thallium and barium < Basic metals < Mining, basic metals and related products)",12141505,Barium Ba,Commodity,31381302,Pressed sintered and machined isotropic barium ferrite magnet,Commodity,31381313,Pressed sintered and machined and coated isotropic barium ferrite magnet,Commodity
14770000-9,"Caesium, strontium, rubidium and calcium",class,"Caesium, strontium, rubidium and calcium (Hierarchy: Caesium, strontium, rubidium and calcium < Basic metals < Mining, basic metals and related products)",12141800,Alkali metals,Class,12141801,Cesium Cs,Commodity,12141504,Strontium Sr,Commodity
14771000-6,Caesium,category,"Caesium (Hierarchy: Caesium < Caesium, strontium, rubidium and calcium < Basic metals < Mining, basic metals and related products)",12141801,Cesium Cs,Commodity,12141800,Alkali metals,Class,85892647,High dose rate (hdr) brachytherapy of diaphragm using cesium 137 (cs-137),Commodity
14772000-3,Strontium,category,"Strontium (Hierarchy: Strontium < Caesium, strontium, rubidium and calcium < Basic metals < Mining, basic metals and related products)",12141504,Strontium Sr,Commodity,85882102,Systemic nuclear medicine therapy of whole body using strontium 89 (sr-89),Commodity,31381320,Pressed sintered and machined and coated anisotropic strontium ferrite magnet,Commodity
14773000-0,Rubidium,category,"Rubidium (Hierarchy: Rubidium < Caesium, strontium, rubidium and calcium < Basic metals < Mining, basic metals and related products)",12141805,Rubidium Rb,Commodity,12141800,Alkali metals,Class,11101700,Base Metals,Class
14774000-7,Calcium,category,"Calcium (Hierarchy: Calcium < Caesium, strontium, rubidium and calcium < Basic metals < Mining, basic metals and related products)",12141503,Calcium Ca,Commodity,11101511,Calcium,Commodity,51122900,Antiarrythmic alkaline earth metals,Class
14780000-2,"Potassium, magnesium, sodium and lithium",class,"Potassium, magnesium, sodium and lithium (Hierarchy: Potassium, magnesium, sodium and lithium < Basic metals < Mining, basic metals and related products)",51192306,Calcium/chloride/gluconate/magnesium/potassium/sodium/sulfate,Commodity,12352329,Sodium and potassium products,Commodity,12141804,Potassium K,Commodity
14781000-9,Potassium,category,"Potassium (Hierarchy: Potassium < Potassium, magnesium, sodium and lithium < Basic metals < Mining, basic metals and related products)",73101609,Potash mining or processing services,Commodity,12141804,Potassium K,Commodity,12352329,Sodium and potassium products,Commodity
14782000-6,Magnesium,category,"Magnesium (Hierarchy: Magnesium < Potassium, magnesium, sodium and lithium < Basic metals < Mining, basic metals and related products)",30261900,Magnesium ingots strips billets and coil,Class,30261904,Magnesium ingot,Commodity,12141502,Magnesium Mg,Commodity
14783000-3,Sodium,category,"Sodium (Hierarchy: Sodium < Potassium, magnesium, sodium and lithium < Basic metals < Mining, basic metals and related products)",12141806,Sodium Na,Commodity,12352329,Sodium and potassium products,Commodity,51442600,"Sodium-based radiopharmaceuticals, imaging agents, media, and tracers",Class
14784000-0,Lithium,category,"Lithium (Hierarchy: Lithium < Potassium, magnesium, sodium and lithium < Basic metals < Mining, basic metals and related products)",12141803,Lithium Li,Commodity,12141800,Alkali metals,Class,51331901,Lithium carbonate,Commodity
14790000-5,"Niobium, osmium, rhenium and palladium",class,"Niobium, osmium, rhenium and palladium (Hierarchy: Niobium, osmium, rhenium and palladium < Basic metals < Mining, basic metals and related products)",12141730,Niobium Nb,Commodity,11101718,Palladium,Commodity,12141733,Palladium Pd,Commodity
14791000-2,Niobium,category,"Niobium (Hierarchy: Niobium < Niobium, osmium, rhenium and palladium < Basic metals < Mining, basic metals and related products)",12141730,Niobium Nb,Commodity,11101700,Base Metals,Class,11101617,Tantalum ore,Commodity
14792000-9,Osmium,category,"Osmium (Hierarchy: Osmium < Niobium, osmium, rhenium and palladium < Basic metals < Mining, basic metals and related products)",12141732,Osmium Os,Commodity,11101718,Palladium,Commodity,12141733,Palladium Pd,Commodity
14793000-6,Rhenium,category,"Rhenium (Hierarchy: Rhenium < Niobium, osmium, rhenium and palladium < Basic metals < Mining, basic metals and related products)",12141737,Rhenium Re,Commodity,31421518,Refractory metal high temperature sintered filter,Commodity,12141730,Niobium Nb,Commodity
14794000-3,Palladium,category,"Palladium (Hierarchy: Palladium < Niobium, osmium, rhenium and palladium < Basic metals < Mining, basic metals and related products)",11101718,Palladium,Commodity,12141733,Palladium Pd,Commodity,12352141,Palladium acetate,Commodity
14800000-9,Miscellaneous non-metallic mineral products,group,"Miscellaneous non-metallic mineral products (Hierarchy: Miscellaneous non-metallic mineral products < Mining, basic metals and related products)",73121800,Non metallic mineral products industry services,Class,31121219,Non metallic sand machined castings,Commodity,30131704,Ceramic tiles or flagstones,Commodity
14810000-2,Abrasive products,class,"Abrasive products (Hierarchy: Abrasive products < Miscellaneous non-metallic mineral products < Mining, basic metals and related products)",31191506,Abrasive discs,Commodity,31191507,Abrasive belts,Commodity,31191603,Tungsten carbide abrasive wheels,Commodity
14811000-9,"Millstones, grindstones and grinding wheels",category,"Millstones, grindstones and grinding wheels (Hierarchy: Millstones, grindstones and grinding wheels < Abrasive products < Miscellaneous non-metallic mineral products < Mining, basic metals and related products)",23131503,Grinding wheels,Commodity,31191600,Abrasive wheels,Class,31191601,Abrasive cubic borozon nitrate wheels,Commodity
14811100-0,Millstones,subcategory,"Millstones (Hierarchy: Millstones, grindstones and grinding wheels < Abrasive products < Miscellaneous non-metallic mineral products < Mining, basic metals and related products)",23131503,Grinding wheels,Commodity,31191600,Abrasive wheels,Class,31191601,Abrasive cubic borozon nitrate wheels,Commodity
14811200-1,Grindstones,subcategory,"Grindstones (Hierarchy: Millstones, grindstones and grinding wheels < Abrasive products < Miscellaneous non-metallic mineral products < Mining, basic metals and related products)",23131503,Grinding wheels,Commodity,31191600,Abrasive wheels,Class,31191510,Abrasive stones,Commodity
14811300-2,Grinding wheels,subcategory,"Grinding wheels (Hierarchy: Millstones, grindstones and grinding wheels < Abrasive products < Miscellaneous non-metallic mineral products < Mining, basic metals and related products)",23131503,Grinding wheels,Commodity,31191601,Abrasive cubic borozon nitrate wheels,Commodity,31191603,Tungsten carbide abrasive wheels,Commodity
14812000-6,Abrasive powder or grain,category,"Abrasive powder or grain (Hierarchy: Abrasive powder or grain < Abrasive products < Miscellaneous non-metallic mineral products < Mining, basic metals and related products)",42152481,Dental abrasive pastes and powders,Commodity,31191500,Abrasives and abrasive media,Class,23131501,Abrasive compounds,Commodity
14813000-3,Artificial corundum,category,"Artificial corundum (Hierarchy: Artificial corundum < Abrasive products < Miscellaneous non-metallic mineral products < Mining, basic metals and related products)",11181509,Artificial corundum,Commodity,11181511,Aluminum oxide,Commodity,73121806,Abrasives manufacturing services,Commodity
14814000-0,Artificial graphite,category,"Artificial graphite (Hierarchy: Artificial graphite < Abrasive products < Miscellaneous non-metallic mineral products < Mining, basic metals and related products)",31121919,Non metallic graphite mold machined castings,Commodity,31121917,Composite graphite mold machined castings,Commodity,31121901,Non ferrous alloy graphite mold machined castings,Commodity
14820000-5,Glass,class,"Glass (Hierarchy: Glass < Miscellaneous non-metallic mineral products < Mining, basic metals and related products)",73121802,Glass or glass products manufacturing services,Commodity,11141605,Glass waste or scrap,Commodity,41121816,Laboratory glass tube,Commodity
14830000-8,Fibreglass,class,"Fibreglass (Hierarchy: Fibreglass < Miscellaneous non-metallic mineral products < Mining, basic metals and related products)",52101514,Fiberglass mat,Commodity,30103204,Fiberglass grating,Commodity,73141502,Glass fiber manufacturing services,Commodity
14900000-0,Recovered secondary raw materials,group,"Recovered secondary raw materials (Hierarchy: Recovered secondary raw materials < Mining, basic metals and related products)",11191602,Basic steel scrap,Commodity,11191603,Ferrous alloy scrap,Commodity,11191612,Iron scrap,Commodity
14910000-3,Recovered secondary metal raw materials,class,"Recovered secondary metal raw materials (Hierarchy: Recovered secondary metal raw materials < Recovered secondary raw materials < Mining, basic metals and related products)",11191602,Basic steel scrap,Commodity,11191603,Ferrous alloy scrap,Commodity,11191607,Copper scrap,Commodity
14920000-6,Recovered secondary non-metal raw materials,class,"Recovered secondary non-metal raw materials (Hierarchy: Recovered secondary non-metal raw materials < Recovered secondary raw materials < Mining, basic metals and related products)",11191604,Non ferrous alloy scrap,Commodity,11191601,Nickel scrap,Commodity,11191605,Super alloy scrap,Commodity
14930000-9,Ash and residues containing metals,class,"Ash and residues containing metals (Hierarchy: Ash and residues containing metals < Recovered secondary raw materials < Mining, basic metals and related products)",11191805,Ash containing metals or metallic compounds except precious metals,Commodity,11191804,Ash containing precious metal or precious metal compounds,Commodity,11190000,Metal waste scrap and by products,Family
15000000-8,"Food, beverages, tobacco and related products",division,"Food, beverages, tobacco and related products (Hierarchy: Food, beverages, tobacco and related products)",50210000,Tobacco and smoking products and substitutes,Family,50000000,Food and Beverage Products,Segment,50160000,Chocolate and sugars and sweeteners and confectionary products,Family
15100000-9,"Animal products, meat and meat products",group,"Animal products, meat and meat products (Hierarchy: Animal products, meat and meat products < Food, beverages, tobacco and related products)",50112000,Processed meat and poultry products,Class,50110000,Meat and poultry products,Family,50112100,Organic processed meat and poultry products,Class
15110000-2,Meat,class,"Meat (Hierarchy: Meat < Animal products, meat and meat products < Food, beverages, tobacco and related products)",50111600,Organic minimally processed meat and poultry products,Class,50112100,Organic processed meat and poultry products,Class,50110000,Meat and poultry products,Family
15111000-9,Bovine meat,category,"Bovine meat (Hierarchy: Bovine meat < Meat < Animal products, meat and meat products < Food, beverages, tobacco and related products)",50111513,"Beef, minimally processed without additions",Commodity,50112004,"Beef, processed without additions",Commodity,50111601,"Organic beef, minimally processed without additions",Commodity
15111100-0,Beef,subcategory,"Beef (Hierarchy: Bovine meat < Meat < Animal products, meat and meat products < Food, beverages, tobacco and related products)",50111513,"Beef, minimally processed without additions",Commodity,50112004,"Beef, processed without additions",Commodity,50111516,"Beef, minimally processed with additions",Commodity
15111200-1,Veal,subcategory,"Veal (Hierarchy: Bovine meat < Meat < Animal products, meat and meat products < Food, beverages, tobacco and related products)",50111517,"Veal, minimally processed without additions",Commodity,50111607,"Organic veal, minimally processed without additions",Commodity,50111707,"Non gmo veal, minimally processed without additions",Commodity
15112000-6,Poultry,category,"Poultry (Hierarchy: Poultry < Meat < Animal products, meat and meat products < Food, beverages, tobacco and related products)",50112117,"Organic specialty poultry, processed without additions",Commodity,50111618,"Organic specialty poultry, minimally processed with additions",Commodity,50111617,"Organic specialty poultry, minimally processed without additions",Commodity
15112100-7,Fresh poultry,subcategory,"Fresh poultry (Hierarchy: Poultry < Meat < Animal products, meat and meat products < Food, beverages, tobacco and related products)",50111617,"Organic specialty poultry, minimally processed without additions",Commodity,50111717,"Non gmo specialty poultry, minimally processed without additions",Commodity,50111618,"Organic specialty poultry, minimally processed with additions",Commodity
15112110-0,Geese,subcategory,"Geese (Hierarchy: Poultry < Meat < Animal products, meat and meat products < Food, beverages, tobacco and related products)",50111639,"Organic goose, minimally processed without additions",Commodity,50112139,"Organic goose, processed without additions",Commodity,50112140,"Organic goose, processed with additions",Commodity
15112120-3,Turkeys,subcategory,"Turkeys (Hierarchy: Poultry < Meat < Animal products, meat and meat products < Food, beverages, tobacco and related products)",50112109,"Organic turkey, processed without additions",Commodity,50111609,"Organic turkey, minimally processed without additions",Commodity,50111521,"Turkey, minimally processed without additions",Commodity
15112130-6,Chickens,subcategory,"Chickens (Hierarchy: Poultry < Meat < Animal products, meat and meat products < Food, beverages, tobacco and related products)",50131629,Egg products and substitutes from chickens,Commodity,50111515,"Chicken, minimally processed without additions",Commodity,50112010,"Chicken, processed without additions",Commodity
15112140-9,Ducks,subcategory,"Ducks (Hierarchy: Poultry < Meat < Animal products, meat and meat products < Food, beverages, tobacco and related products)",50111622,"Organic duck, minimally processed without additions",Commodity,50112122,"Organic duck, processed without additions",Commodity,50112025,"Duck, processed without additions",Commodity
15112300-9,Poultry livers,subcategory,"Poultry livers (Hierarchy: Poultry < Meat < Animal products, meat and meat products < Food, beverages, tobacco and related products)",50112020,"Specialty poultry, processed without additions",Commodity,50111617,"Organic specialty poultry, minimally processed without additions",Commodity,50112117,"Organic specialty poultry, processed without additions",Commodity
15112310-2,Foie gras,subcategory,"Foie gras (Hierarchy: Poultry < Meat < Animal products, meat and meat products < Food, beverages, tobacco and related products)",50112021,"Specialty poultry, processed with additions",Commodity,50151605,Edible animal fats,Commodity,50112020,"Specialty poultry, processed without additions",Commodity
15113000-3,Pork,category,"Pork (Hierarchy: Pork < Meat < Animal products, meat and meat products < Food, beverages, tobacco and related products)",50111514,"Pork, minimally processed without additions",Commodity,50112008,"Pork, processed without additions",Commodity,50111603,"Organic pork, minimally processed without additions",Commodity
15114000-0,Offal,category,"Offal (Hierarchy: Offal < Meat < Animal products, meat and meat products < Food, beverages, tobacco and related products)",50110000,Meat and poultry products,Family,50151605,Edible animal fats,Commodity,50112000,Processed meat and poultry products,Class
15115000-7,Lamb and mutton,category,"Lamb and mutton (Hierarchy: Lamb and mutton < Meat < Animal products, meat and meat products < Food, beverages, tobacco and related products)",50111523,"Lamb or mutton, minimally processed without additions",Commodity,50111612,"Organic lamb or mutton, minimally processed with additions",Commodity,50112111,"Organic lamb or mutton, processed without additions",Commodity
15115100-8,Lamb,subcategory,"Lamb (Hierarchy: Lamb and mutton < Meat < Animal products, meat and meat products < Food, beverages, tobacco and related products)",50111611,"Organic lamb or mutton, minimally processed without additions",Commodity,50111523,"Lamb or mutton, minimally processed without additions",Commodity,50112014,"Lamb or mutton, processed without additions",Commodity
15115200-9,Mutton,subcategory,"Mutton (Hierarchy: Lamb and mutton < Meat < Animal products, meat and meat products < Food, beverages, tobacco and related products)",50111523,"Lamb or mutton, minimally processed without additions",Commodity,50112014,"Lamb or mutton, processed without additions",Commodity,50111611,"Organic lamb or mutton, minimally processed without additions",Commodity
15117000-1,Goat meat,category,"Goat meat (Hierarchy: Goat meat < Meat < Animal products, meat and meat products < Food, beverages, tobacco and related products)",50111613,"Organic goat, minimally processed without additions",Commodity,50112113,"Organic goat, processed without additions",Commodity,50111614,"Organic goat, minimally processed with additions",Commodity
15118000-8,"Horse, ass, mule or hinny meat",category,"Horse, ass, mule or hinny meat (Hierarchy: Horse, ass, mule or hinny meat < Meat < Animal products, meat and meat products < Food, beverages, tobacco and related products)",50112026,"Horse, processed without additions",Commodity,50111535,"Horse, minimally processed without additions",Commodity,50112123,"Organic horse, processed without additions",Commodity
15118100-9,Horsemeat,subcategory,"Horsemeat (Hierarchy: Horse, ass, mule or hinny meat < Meat < Animal products, meat and meat products < Food, beverages, tobacco and related products)",50112026,"Horse, processed without additions",Commodity,50111535,"Horse, minimally processed without additions",Commodity,50112123,"Organic horse, processed without additions",Commodity
15118900-7,"Ass, mule or hinny meat",subcategory,"Ass, mule or hinny meat (Hierarchy: Horse, ass, mule or hinny meat < Meat < Animal products, meat and meat products < Food, beverages, tobacco and related products)",50112026,"Horse, processed without additions",Commodity,50111531,"Mixed species meat, minimally processed without additions",Commodity,50111535,"Horse, minimally processed without additions",Commodity
15119000-5,Various meats,category,"Various meats (Hierarchy: Various meats < Meat < Animal products, meat and meat products < Food, beverages, tobacco and related products)",50112000,Processed meat and poultry products,Class,50111619,"Organic mixed species meat, minimally processed without additions",Commodity,50111600,Organic minimally processed meat and poultry products,Class
15119100-6,Rabbit meat,subcategory,"Rabbit meat (Hierarchy: Various meats < Meat < Animal products, meat and meat products < Food, beverages, tobacco and related products)",50112125,"Organic rabbit, processed without additions",Commodity,50111625,"Organic rabbit, minimally processed without additions",Commodity,50112028,"Rabbit, processed without additions",Commodity
15119200-7,Hare meat,subcategory,"Hare meat (Hierarchy: Various meats < Meat < Animal products, meat and meat products < Food, beverages, tobacco and related products)",50111625,"Organic rabbit, minimally processed without additions",Commodity,50112125,"Organic rabbit, processed without additions",Commodity,50111626,"Organic rabbit, minimally processed with additions",Commodity
15119300-8,Game,subcategory,"Game (Hierarchy: Various meats < Meat < Animal products, meat and meat products < Food, beverages, tobacco and related products)",50112000,Processed meat and poultry products,Class,50110000,Meat and poultry products,Family,50111531,"Mixed species meat, minimally processed without additions",Commodity
15119400-9,Frogs' legs,subcategory,"Frogs' legs (Hierarchy: Various meats < Meat < Animal products, meat and meat products < Food, beverages, tobacco and related products)",50112127,"Organic frog, processed without additions",Commodity,50112128,"Organic frog, processed with additions",Commodity,50111627,"Organic frog, minimally processed without additions",Commodity
15119500-0,Pigeons,subcategory,"Pigeons (Hierarchy: Various meats < Meat < Animal products, meat and meat products < Food, beverages, tobacco and related products)",50131620,In shell table egg from squabs or pigeons,Commodity,50110000,Meat and poultry products,Family,50111600,Organic minimally processed meat and poultry products,Class
15119600-1,Fish meat,subcategory,"Fish meat (Hierarchy: Various meats < Meat < Animal products, meat and meat products < Food, beverages, tobacco and related products)",50122004,Wild caught atlantic ocean perch,Commodity,50122037,Wild caught lake whitefish,Commodity,50121543,"Fish, dried",Commodity
15130000-8,Meat products,class,"Meat products (Hierarchy: Meat products < Animal products, meat and meat products < Food, beverages, tobacco and related products)",50112000,Processed meat and poultry products,Class,50110000,Meat and poultry products,Family,50112100,Organic processed meat and poultry products,Class
15131000-5,Meat preserves and preparations,category,"Meat preserves and preparations (Hierarchy: Meat preserves and preparations < Meat products < Animal products, meat and meat products < Food, beverages, tobacco and related products)",50112000,Processed meat and poultry products,Class,50192111,Dried or processed meats,Commodity,50112100,Organic processed meat and poultry products,Class
15131100-6,Sausage-meat products,subcategory,"Sausage-meat products (Hierarchy: Meat preserves and preparations < Meat products < Animal products, meat and meat products < Food, beverages, tobacco and related products)",50112000,Processed meat and poultry products,Class,50112100,Organic processed meat and poultry products,Class,50192111,Dried or processed meats,Commodity
15131110-9,Sausage meat,subcategory,"Sausage meat (Hierarchy: Meat preserves and preparations < Meat products < Animal products, meat and meat products < Food, beverages, tobacco and related products)",50112000,Processed meat and poultry products,Class,50112100,Organic processed meat and poultry products,Class,50192111,Dried or processed meats,Commodity
15131120-2,Sausage products,subcategory,"Sausage products (Hierarchy: Meat preserves and preparations < Meat products < Animal products, meat and meat products < Food, beverages, tobacco and related products)",50192111,Dried or processed meats,Commodity,50112019,"Specialty meat, processed with additions",Commodity,50112009,"Pork, processed with additions",Commodity
15131130-5,Sausages,subcategory,"Sausages (Hierarchy: Meat preserves and preparations < Meat products < Animal products, meat and meat products < Food, beverages, tobacco and related products)",50112000,Processed meat and poultry products,Class,50112100,Organic processed meat and poultry products,Class,50192111,Dried or processed meats,Commodity
15131134-3,Black pudding and other blood sausages,subcategory,"Black pudding and other blood sausages (Hierarchy: Meat preserves and preparations < Meat products < Animal products, meat and meat products < Food, beverages, tobacco and related products)",42121602,Blood or blood forming veterinary products,Commodity,50112019,"Specialty meat, processed with additions",Commodity,50192111,Dried or processed meats,Commodity
15131135-0,Poultry sausages,subcategory,"Poultry sausages (Hierarchy: Meat preserves and preparations < Meat products < Animal products, meat and meat products < Food, beverages, tobacco and related products)",50112218,"Non gmo specialty poultry, processed with additions",Commodity,50112118,"Organic specialty poultry, processed with additions",Commodity,50112021,"Specialty poultry, processed with additions",Commodity
15131200-7,"Dried, salted, smoked or seasoned meat",subcategory,"Dried, salted, smoked or seasoned meat (Hierarchy: Meat preserves and preparations < Meat products < Animal products, meat and meat products < Food, beverages, tobacco and related products)",50192111,Dried or processed meats,Commodity,50112000,Processed meat and poultry products,Class,50112015,"Lamb or mutton, processed with additions",Commodity
15131210-0,Gammon,subcategory,"Gammon (Hierarchy: Meat preserves and preparations < Meat products < Animal products, meat and meat products < Food, beverages, tobacco and related products)",50112000,Processed meat and poultry products,Class,50192111,Dried or processed meats,Commodity,50112009,"Pork, processed with additions",Commodity
15131220-3,Bacon,subcategory,"Bacon (Hierarchy: Meat preserves and preparations < Meat products < Animal products, meat and meat products < Food, beverages, tobacco and related products)",50611703,Canned or jarred Non GMO bacon avocados,Commodity,50471703,Canned or jarred organic bacon avocados,Commodity,50461703,Canned or jarred bacon avocados,Commodity
15131230-6,Salami,subcategory,"Salami (Hierarchy: Meat preserves and preparations < Meat products < Animal products, meat and meat products < Food, beverages, tobacco and related products)",50112000,Processed meat and poultry products,Class,50192111,Dried or processed meats,Commodity,50112100,Organic processed meat and poultry products,Class
15131300-8,Liver preparations,subcategory,"Liver preparations (Hierarchy: Meat preserves and preparations < Meat products < Animal products, meat and meat products < Food, beverages, tobacco and related products)",50112000,Processed meat and poultry products,Class,50171833,Savory spread or pate,Commodity,50112100,Organic processed meat and poultry products,Class
15131310-1,Pâté,subcategory,"Pâté (Hierarchy: Meat preserves and preparations < Meat products < Animal products, meat and meat products < Food, beverages, tobacco and related products)",50171833,Savory spread or pate,Commodity,50112000,Processed meat and poultry products,Class,50112100,Organic processed meat and poultry products,Class
15131320-4,Preparations of goose or duck liver,subcategory,"Preparations of goose or duck liver (Hierarchy: Meat preserves and preparations < Meat products < Animal products, meat and meat products < Food, beverages, tobacco and related products)",50171833,Savory spread or pate,Commodity,50112140,"Organic goose, processed with additions",Commodity,50112139,"Organic goose, processed without additions",Commodity
15131400-9,Pork products,subcategory,"Pork products (Hierarchy: Meat preserves and preparations < Meat products < Animal products, meat and meat products < Food, beverages, tobacco and related products)",50112000,Processed meat and poultry products,Class,50112008,"Pork, processed without additions",Commodity,50112009,"Pork, processed with additions",Commodity
15131410-2,Ham,subcategory,"Ham (Hierarchy: Meat preserves and preparations < Meat products < Animal products, meat and meat products < Food, beverages, tobacco and related products)",50112000,Processed meat and poultry products,Class,50192111,Dried or processed meats,Commodity,50112100,Organic processed meat and poultry products,Class
15131420-5,Meatballs,subcategory,"Meatballs (Hierarchy: Meat preserves and preparations < Meat products < Animal products, meat and meat products < Food, beverages, tobacco and related products)",50112000,Processed meat and poultry products,Class,50112100,Organic processed meat and poultry products,Class,50111500,Minimally processed meat and poultry products,Class
15131490-6,Prepared pork dishes,subcategory,"Prepared pork dishes (Hierarchy: Meat preserves and preparations < Meat products < Animal products, meat and meat products < Food, beverages, tobacco and related products)",50112009,"Pork, processed with additions",Commodity,50112104,"Organic pork, processed with additions",Commodity,50112204,"Non gmo pork, processed with additions",Commodity
15131500-0,Poultry products,subcategory,"Poultry products (Hierarchy: Meat preserves and preparations < Meat products < Animal products, meat and meat products < Food, beverages, tobacco and related products)",50112000,Processed meat and poultry products,Class,50110000,Meat and poultry products,Family,50112100,Organic processed meat and poultry products,Class
15131600-1,Beef and veal products,subcategory,"Beef and veal products (Hierarchy: Meat preserves and preparations < Meat products < Animal products, meat and meat products < Food, beverages, tobacco and related products)",50112006,"Veal, processed without additions",Commodity,50112007,"Veal, processed with additions",Commodity,50112108,"Organic veal, processed with additions",Commodity
15131610-4,Beef meatballs,subcategory,"Beef meatballs (Hierarchy: Meat preserves and preparations < Meat products < Animal products, meat and meat products < Food, beverages, tobacco and related products)",50112005,"Beef, processed with additions",Commodity,50112202,"Non gmo beef, processed with additions",Commodity,50111702,"Non gmo beef, minimally processed with additions",Commodity
15131620-7,Minced beef,subcategory,"Minced beef (Hierarchy: Meat preserves and preparations < Meat products < Animal products, meat and meat products < Food, beverages, tobacco and related products)",50111516,"Beef, minimally processed with additions",Commodity,50112005,"Beef, processed with additions",Commodity,50112000,Processed meat and poultry products,Class
15131640-3,Beefburgers,subcategory,"Beefburgers (Hierarchy: Meat preserves and preparations < Meat products < Animal products, meat and meat products < Food, beverages, tobacco and related products)",50112005,"Beef, processed with additions",Commodity,50112102,"Organic beef, processed with additions",Commodity,50112004,"Beef, processed without additions",Commodity
15131700-2,Meat preparations,subcategory,"Meat preparations (Hierarchy: Meat preserves and preparations < Meat products < Animal products, meat and meat products < Food, beverages, tobacco and related products)",50112000,Processed meat and poultry products,Class,50192111,Dried or processed meats,Commodity,50112100,Organic processed meat and poultry products,Class
15200000-0,Prepared and preserved fish,group,"Prepared and preserved fish (Hierarchy: Prepared and preserved fish < Food, beverages, tobacco and related products)",50121541,Canned fish,Commodity,50192113,Dried shellfish and fish fillet,Commodity,50121543,"Fish, dried",Commodity
15210000-3,"Fish fillets, fish livers and roe",class,"Fish fillets, fish livers and roe (Hierarchy: Fish fillets, fish livers and roe < Prepared and preserved fish < Food, beverages, tobacco and related products)",50121902,Salted pollack roe,Commodity,50190000,Prepared and preserved foods,Family,50192113,Dried shellfish and fish fillet,Commodity
15211000-0,Fish fillets,category,"Fish fillets (Hierarchy: Fish fillets < Fish fillets, fish livers and roe < Prepared and preserved fish < Food, beverages, tobacco and related products)",50192113,Dried shellfish and fish fillet,Commodity,50121902,Salted pollack roe,Commodity,50121538,Shelf stable fish,Commodity
15211100-1,Fresh fish fillets,subcategory,"Fresh fish fillets (Hierarchy: Fish fillets < Fish fillets, fish livers and roe < Prepared and preserved fish < Food, beverages, tobacco and related products)",50121539,Fresh fish,Commodity,50192113,Dried shellfish and fish fillet,Commodity,50122002,Wild caught albacore tuna,Commodity
15212000-7,Fish roe,category,"Fish roe (Hierarchy: Fish roe < Fish fillets, fish livers and roe < Prepared and preserved fish < Food, beverages, tobacco and related products)",50121902,Salted pollack roe,Commodity,11131604,Fish eggs,Commodity,50121540,Caviar and caviar substitute,Commodity
15213000-4,Fish livers,category,"Fish livers (Hierarchy: Fish livers < Fish fillets, fish livers and roe < Prepared and preserved fish < Food, beverages, tobacco and related products)",50121902,Salted pollack roe,Commodity,50121540,Caviar and caviar substitute,Commodity,11131604,Fish eggs,Commodity
15220000-6,"Frozen fish, fish fillets and other fish meat",class,"Frozen fish, fish fillets and other fish meat (Hierarchy: Frozen fish, fish fillets and other fish meat < Prepared and preserved fish < Food, beverages, tobacco and related products)",50121537,Frozen fish,Commodity,50192113,Dried shellfish and fish fillet,Commodity,50121900,Salt preserved seafoods,Class
15221000-3,Frozen fish,category,"Frozen fish (Hierarchy: Frozen fish < Frozen fish, fish fillets and other fish meat < Prepared and preserved fish < Food, beverages, tobacco and related products)",50121537,Frozen fish,Commodity,50451761,Frozen organic pollock avocados,Commodity,50601761,Frozen Non GMO pollock avocados,Commodity
15229000-9,Frozen fish products,category,"Frozen fish products (Hierarchy: Frozen fish products < Frozen fish, fish fillets and other fish meat < Prepared and preserved fish < Food, beverages, tobacco and related products)",50121537,Frozen fish,Commodity,50121612,Frozen shellfish,Commodity,50121706,Frozen aquatic invertebrates,Commodity
15230000-9,Dried or salted fish; fish in brine; smoked fish,class,"Dried or salted fish; fish in brine; smoked fish (Hierarchy: Dried or salted fish; fish in brine; smoked fish < Prepared and preserved fish < Food, beverages, tobacco and related products)",50121543,"Fish, dried",Commodity,50121542,Dried fish,Commodity,50192113,Dried shellfish and fish fillet,Commodity
15231000-6,Dried fish,category,"Dried fish (Hierarchy: Dried fish < Dried or salted fish; fish in brine; smoked fish < Prepared and preserved fish < Food, beverages, tobacco and related products)",50121542,Dried fish,Commodity,50121543,"Fish, dried",Commodity,50192113,Dried shellfish and fish fillet,Commodity
15232000-3,Salted fish,category,"Salted fish (Hierarchy: Salted fish < Dried or salted fish; fish in brine; smoked fish < Prepared and preserved fish < Food, beverages, tobacco and related products)",50121900,Salt preserved seafoods,Class,50190000,Prepared and preserved foods,Family,50121902,Salted pollack roe,Commodity
15233000-0,Fish in brine,category,"Fish in brine (Hierarchy: Fish in brine < Dried or salted fish; fish in brine; smoked fish < Prepared and preserved fish < Food, beverages, tobacco and related products)",50190000,Prepared and preserved foods,Family,50121900,Salt preserved seafoods,Class,10121701,Fresh or frozen brine,Commodity
15234000-7,Smoked fish,category,"Smoked fish (Hierarchy: Smoked fish < Dried or salted fish; fish in brine; smoked fish < Prepared and preserved fish < Food, beverages, tobacco and related products)",50190000,Prepared and preserved foods,Family,50121900,Salt preserved seafoods,Class,50121543,"Fish, dried",Commodity
15235000-4,Preserved fish,category,"Preserved fish (Hierarchy: Preserved fish < Dried or salted fish; fish in brine; smoked fish < Prepared and preserved fish < Food, beverages, tobacco and related products)",50121543,"Fish, dried",Commodity,50121542,Dried fish,Commodity,50121900,Salt preserved seafoods,Class
15240000-2,Canned or tinned fish and other prepared or preserved fish,class,"Canned or tinned fish and other prepared or preserved fish (Hierarchy: Canned or tinned fish and other prepared or preserved fish < Prepared and preserved fish < Food, beverages, tobacco and related products)",50121541,Canned fish,Commodity,50465803,Canned or jarred dulse,Commodity,50465804,Canned or jarred haricot vert de mer,Commodity
15241000-9,"Coated, canned or tinned fish",category,"Coated, canned or tinned fish (Hierarchy: Coated, canned or tinned fish < Canned or tinned fish and other prepared or preserved fish < Prepared and preserved fish < Food, beverages, tobacco and related products)",50121541,Canned fish,Commodity,50190000,Prepared and preserved foods,Family,50367001,Canned or jarred akee,Commodity
15241100-0,Canned salmon,subcategory,"Canned salmon (Hierarchy: Coated, canned or tinned fish < Canned or tinned fish and other prepared or preserved fish < Prepared and preserved fish < Food, beverages, tobacco and related products)",50121541,Canned fish,Commodity,50122114,Farm raised chum salmon,Commodity,50465815,Canned or jarred susabi nori,Commodity
15241200-1,Prepared or preserved herring,subcategory,"Prepared or preserved herring (Hierarchy: Coated, canned or tinned fish < Canned or tinned fish and other prepared or preserved fish < Prepared and preserved fish < Food, beverages, tobacco and related products)",50121541,Canned fish,Commodity,50190000,Prepared and preserved foods,Family,50121900,Salt preserved seafoods,Class
15241300-2,Sardines,subcategory,"Sardines (Hierarchy: Coated, canned or tinned fish < Canned or tinned fish and other prepared or preserved fish < Prepared and preserved fish < Food, beverages, tobacco and related products)",50121541,Canned fish,Commodity,50121538,Shelf stable fish,Commodity,10101708,Live sardine fish,Commodity
15241400-3,Canned tuna,subcategory,"Canned tuna (Hierarchy: Coated, canned or tinned fish < Canned or tinned fish and other prepared or preserved fish < Prepared and preserved fish < Food, beverages, tobacco and related products)",50121541,Canned fish,Commodity,50121900,Salt preserved seafoods,Class,50122102,Farm raised albacore tuna,Commodity
15241500-4,Mackerel,subcategory,"Mackerel (Hierarchy: Coated, canned or tinned fish < Canned or tinned fish and other prepared or preserved fish < Prepared and preserved fish < Food, beverages, tobacco and related products)",50122168,Farm raised atlantic mackerel,Commodity,50121541,Canned fish,Commodity,50462910,Canned or jarred tres fine maraichere chicory,Commodity
15241600-5,Anchovies,subcategory,"Anchovies (Hierarchy: Coated, canned or tinned fish < Canned or tinned fish and other prepared or preserved fish < Prepared and preserved fish < Food, beverages, tobacco and related products)",50121904,Fermented anchovy sauce,Commodity,50121541,Canned fish,Commodity,50121900,Salt preserved seafoods,Class
15241700-6,Fish fingers,subcategory,"Fish fingers (Hierarchy: Coated, canned or tinned fish < Canned or tinned fish and other prepared or preserved fish < Prepared and preserved fish < Food, beverages, tobacco and related products)",50121541,Canned fish,Commodity,50121538,Shelf stable fish,Commodity,50471761,Canned or jarred organic pollock avocados,Commodity
15241800-7,Coated fish preparations,subcategory,"Coated fish preparations (Hierarchy: Coated, canned or tinned fish < Canned or tinned fish and other prepared or preserved fish < Prepared and preserved fish < Food, beverages, tobacco and related products)",50121541,Canned fish,Commodity,50190000,Prepared and preserved foods,Family,50471761,Canned or jarred organic pollock avocados,Commodity
15242000-6,Prepared fish dishes,category,"Prepared fish dishes (Hierarchy: Prepared fish dishes < Canned or tinned fish and other prepared or preserved fish < Prepared and preserved fish < Food, beverages, tobacco and related products)",50121541,Canned fish,Commodity,50471761,Canned or jarred organic pollock avocados,Commodity,50467006,Canned jangjorims,Commodity
15243000-3,Preparations of fish,category,"Preparations of fish (Hierarchy: Preparations of fish < Canned or tinned fish and other prepared or preserved fish < Prepared and preserved fish < Food, beverages, tobacco and related products)",50121541,Canned fish,Commodity,50121902,Salted pollack roe,Commodity,50471761,Canned or jarred organic pollock avocados,Commodity
15244000-0,Caviar and fish eggs,category,"Caviar and fish eggs (Hierarchy: Caviar and fish eggs < Canned or tinned fish and other prepared or preserved fish < Prepared and preserved fish < Food, beverages, tobacco and related products)",50121902,Salted pollack roe,Commodity,11131604,Fish eggs,Commodity,50121540,Caviar and caviar substitute,Commodity
15244100-1,Caviar,subcategory,"Caviar (Hierarchy: Caviar and fish eggs < Canned or tinned fish and other prepared or preserved fish < Prepared and preserved fish < Food, beverages, tobacco and related products)",50121902,Salted pollack roe,Commodity,50121540,Caviar and caviar substitute,Commodity,11131604,Fish eggs,Commodity
15244200-2,Fish eggs,subcategory,"Fish eggs (Hierarchy: Caviar and fish eggs < Canned or tinned fish and other prepared or preserved fish < Prepared and preserved fish < Food, beverages, tobacco and related products)",50121902,Salted pollack roe,Commodity,11131604,Fish eggs,Commodity,50121540,Caviar and caviar substitute,Commodity
15250000-5,Seafood,class,"Seafood (Hierarchy: Seafood < Prepared and preserved fish < Food, beverages, tobacco and related products)",50121541,Canned fish,Commodity,50121900,Salt preserved seafoods,Class,50192113,Dried shellfish and fish fillet,Commodity
15251000-2,Frozen crustaceans,category,"Frozen crustaceans (Hierarchy: Frozen crustaceans < Seafood < Prepared and preserved fish < Food, beverages, tobacco and related products)",50121612,Frozen shellfish,Commodity,50121706,Frozen aquatic invertebrates,Commodity,50121537,Frozen fish,Commodity
15252000-9,Prepared or preserved crustaceans,category,"Prepared or preserved crustaceans (Hierarchy: Prepared or preserved crustaceans < Seafood < Prepared and preserved fish < Food, beverages, tobacco and related products)",50121903,Salted shrimp,Commodity,50192113,Dried shellfish and fish fillet,Commodity,50121613,Shelf stable shellfish,Commodity
15253000-6,Shellfish products,category,"Shellfish products (Hierarchy: Shellfish products < Seafood < Prepared and preserved fish < Food, beverages, tobacco and related products)",50192113,Dried shellfish and fish fillet,Commodity,50121612,Frozen shellfish,Commodity,50122007,Wild caught blue mussel,Commodity
15300000-1,"Fruit, vegetables and related products",group,"Fruit, vegetables and related products (Hierarchy: Fruit, vegetables and related products < Food, beverages, tobacco and related products)",73131700,Fruits and vegetables processing,Class,50192400,Jams and jellies and nut and sweet spreads and fruit conserves,Class,50203100,Fresh vegetable juice or concentrate,Class
15310000-4,Potatoes and potato products,class,"Potatoes and potato products (Hierarchy: Potatoes and potato products < Fruit, vegetables and related products < Food, beverages, tobacco and related products)",50630102,"Sliced, diced, peeled, or chopped potatoes",Commodity,50630302,"Sliced, diced, peeled, or chopped potatoes",Commodity,50630202,"Sliced, diced, peeled, or chopped potatoes",Commodity
15311000-1,Frozen potatoes,category,"Frozen potatoes (Hierarchy: Frozen potatoes < Potatoes and potato products < Fruit, vegetables and related products < Food, beverages, tobacco and related products)",50455602,Frozen organic round white potatoes,Commodity,50455603,Frozen organic round red potatoes,Commodity,50455601,Frozen organic long white potatoes,Commodity
15311100-2,Chips or french fries,subcategory,"Chips or french fries (Hierarchy: Frozen potatoes < Potatoes and potato products < Fruit, vegetables and related products < Food, beverages, tobacco and related products)",50445604,Frozen russet potatoes,Commodity,50445600,Frozen potatoes,Class,50445606,Frozen yellow potatoes,Commodity
15311200-3,"Diced, sliced and other frozen potatoes",subcategory,"Diced, sliced and other frozen potatoes (Hierarchy: Frozen potatoes < Potatoes and potato products < Fruit, vegetables and related products < Food, beverages, tobacco and related products)",50630102,"Sliced, diced, peeled, or chopped potatoes",Commodity,50630302,"Sliced, diced, peeled, or chopped potatoes",Commodity,50630202,"Sliced, diced, peeled, or chopped potatoes",Commodity
15312000-8,Potato products,category,"Potato products (Hierarchy: Potato products < Potatoes and potato products < Fruit, vegetables and related products < Food, beverages, tobacco and related products)",50425610,Potato flakes/granules,Commodity,50630102,"Sliced, diced, peeled, or chopped potatoes",Commodity,50630302,"Sliced, diced, peeled, or chopped potatoes",Commodity
15312100-9,Instant mashed potatoes,subcategory,"Instant mashed potatoes (Hierarchy: Potato products < Potatoes and potato products < Fruit, vegetables and related products < Food, beverages, tobacco and related products)",50193107,Instant mashed potatoes,Commodity,50625504,Non GMO russet potato purees,Commodity,50625506,Non GMO yellow potato purees,Commodity
15312200-0,Part-fried potato chips,subcategory,"Part-fried potato chips (Hierarchy: Potato products < Potatoes and potato products < Fruit, vegetables and related products < Food, beverages, tobacco and related products)",50192109,Crisps or chips or pretzels or mixes,Commodity,50425610,Potato flakes/granules,Commodity,50192603,Shelf stable prepared potatoes or rice or pasta or stuffing,Commodity
15312300-1,Potato crisps,subcategory,"Potato crisps (Hierarchy: Potato products < Potatoes and potato products < Fruit, vegetables and related products < Food, beverages, tobacco and related products)",50192109,Crisps or chips or pretzels or mixes,Commodity,50595600,Dried Non GMO potatoes,Class,50595608,Dried Non GMO specialty potatoes,Commodity
15312310-4,Flavoured potato crisps,subcategory,"Flavoured potato crisps (Hierarchy: Potato products < Potatoes and potato products < Fruit, vegetables and related products < Food, beverages, tobacco and related products)",50192109,Crisps or chips or pretzels or mixes,Commodity,50425608,Dried specialty potatoes,Commodity,50435608,Dried organic specialty potatoes,Commodity
15312400-2,Potato snacks,subcategory,"Potato snacks (Hierarchy: Potato products < Potatoes and potato products < Fruit, vegetables and related products < Food, beverages, tobacco and related products)",50425610,Potato flakes/granules,Commodity,50435608,Dried organic specialty potatoes,Commodity,50595608,Dried Non GMO specialty potatoes,Commodity
15312500-3,Potato croquettes,subcategory,"Potato croquettes (Hierarchy: Potato products < Potatoes and potato products < Fruit, vegetables and related products < Food, beverages, tobacco and related products)",50625500,Non GMO potato purees,Class,50192602,Frozen prepared potatoes or rice or pasta or stuffing,Commodity,50630102,"Sliced, diced, peeled, or chopped potatoes",Commodity
15313000-5,Processed potatoes,category,"Processed potatoes (Hierarchy: Processed potatoes < Potatoes and potato products < Fruit, vegetables and related products < Food, beverages, tobacco and related products)",50192603,Shelf stable prepared potatoes or rice or pasta or stuffing,Commodity,50192602,Frozen prepared potatoes or rice or pasta or stuffing,Commodity,50425610,Potato flakes/granules,Commodity
15320000-7,Fruit and vegetable juices,class,"Fruit and vegetable juices (Hierarchy: Fruit and vegetable juices < Fruit, vegetables and related products < Food, beverages, tobacco and related products)",50203100,Fresh vegetable juice or concentrate,Class,50203000,Fresh melon juice or concentrates,Class,50203101,Tomato juice,Commodity
15321000-4,Fruit juices,category,"Fruit juices (Hierarchy: Fruit juices < Fruit and vegetable juices < Fruit, vegetables and related products < Food, beverages, tobacco and related products)",50202700,Fresh drupe or stone fruit juice or concentrate,Class,50202600,Fresh pome fruit juice or concentrate,Class,50202800,Fresh tropical fruit juice or concentrate,Class
15321100-5,Orange juice,subcategory,"Orange juice (Hierarchy: Fruit juices < Fruit and vegetable juices < Fruit, vegetables and related products < Food, beverages, tobacco and related products)",50202409,Orange juice,Commodity,50394406,Organic fairchild orange purees,Commodity,50395119,Organic k-early orange purees,Commodity
15321200-6,Grapefruit juice,subcategory,"Grapefruit juice (Hierarchy: Fruit juices < Fruit and vegetable juices < Fruit, vegetables and related products < Food, beverages, tobacco and related products)",50202430,Grapefruit juice,Commodity,50393306,Organic rio red grapefruit purees,Commodity,50563105,Non GMO new zealand grapefruit purees,Commodity
15321300-7,Lemon juice,subcategory,"Lemon juice (Hierarchy: Fruit juices < Fruit and vegetable juices < Fruit, vegetables and related products < Food, beverages, tobacco and related products)",50202404,Lemon juice,Commodity,50563905,Non GMO eureka lemon purees,Commodity,50202400,Fresh citrus juice or concentrate,Class
15321400-8,Pineapple juice,subcategory,"Pineapple juice (Hierarchy: Fruit juices < Fruit and vegetable juices < Fruit, vegetables and related products < Food, beverages, tobacco and related products)",50202807,Pineapple Juice,Commodity,50202800,Fresh tropical fruit juice or concentrate,Class,50202600,Fresh pome fruit juice or concentrate,Class
15411120-9,Sesame oil,subcategory,"Sesame oil (Hierarchy: Animal or vegetable oils < Crude animal or vegetable oils and fats < Animal or vegetable oils and fats < Food, beverages, tobacco and related products)",50151500,Edible vegetable and plant oils and fats,Class,50151514,Edible vegetable or plant fats,Commodity,50151513,Edible vegetable or plant oils,Commodity
15411130-2,Groundnut oil,subcategory,"Groundnut oil (Hierarchy: Animal or vegetable oils < Crude animal or vegetable oils and fats < Animal or vegetable oils and fats < Food, beverages, tobacco and related products)",50151500,Edible vegetable and plant oils and fats,Class,50151514,Edible vegetable or plant fats,Commodity,50151513,Edible vegetable or plant oils,Commodity
15411140-5,Coconut oil,subcategory,"Coconut oil (Hierarchy: Animal or vegetable oils < Crude animal or vegetable oils and fats < Animal or vegetable oils and fats < Food, beverages, tobacco and related products)",50151514,Edible vegetable or plant fats,Commodity,50151513,Edible vegetable or plant oils,Commodity,73131904,Vegetable oils or fats processing services,Commodity
15411200-4,Cooking oil,subcategory,"Cooking oil (Hierarchy: Animal or vegetable oils < Crude animal or vegetable oils and fats < Animal or vegetable oils and fats < Food, beverages, tobacco and related products)",50151500,Edible vegetable and plant oils and fats,Class,50151513,Edible vegetable or plant oils,Commodity,50151600,Edible animal oils and fats,Class
15411210-7,Frying oil,subcategory,"Frying oil (Hierarchy: Animal or vegetable oils < Crude animal or vegetable oils and fats < Animal or vegetable oils and fats < Food, beverages, tobacco and related products)",50151520,Sunflower oil,Commodity,50151513,Edible vegetable or plant oils,Commodity,50151519,Soya bean oil,Commodity
15412000-9,Fats,category,"Fats (Hierarchy: Fats < Crude animal or vegetable oils and fats < Animal or vegetable oils and fats < Food, beverages, tobacco and related products)",50151500,Edible vegetable and plant oils and fats,Class,50151600,Edible animal oils and fats,Class,50150000,Edible oils and fats,Family
15412100-0,Animal fats,subcategory,"Animal fats (Hierarchy: Fats < Crude animal or vegetable oils and fats < Animal or vegetable oils and fats < Food, beverages, tobacco and related products)",50151600,Edible animal oils and fats,Class,50151605,Edible animal fats,Commodity,50151604,Edible animal oils,Commodity
15412200-1,Vegetable fats,subcategory,"Vegetable fats (Hierarchy: Fats < Crude animal or vegetable oils and fats < Animal or vegetable oils and fats < Food, beverages, tobacco and related products)",50151500,Edible vegetable and plant oils and fats,Class,50151514,Edible vegetable or plant fats,Commodity,50151513,Edible vegetable or plant oils,Commodity
15413000-6,Solid residues of vegetable fats or oils,category,"Solid residues of vegetable fats or oils (Hierarchy: Solid residues of vegetable fats or oils < Crude animal or vegetable oils and fats < Animal or vegetable oils and fats < Food, beverages, tobacco and related products)",50151500,Edible vegetable and plant oils and fats,Class,50151514,Edible vegetable or plant fats,Commodity,73131904,Vegetable oils or fats processing services,Commodity
15413100-7,Oilcake,subcategory,"Oilcake (Hierarchy: Solid residues of vegetable fats or oils < Crude animal or vegetable oils and fats < Animal or vegetable oils and fats < Food, beverages, tobacco and related products)",10121506,Oil cake,Commodity,10152104,Oil cake of neem,Commodity,50151514,Edible vegetable or plant fats,Commodity
15420000-8,Refined oils and fats,class,"Refined oils and fats (Hierarchy: Refined oils and fats < Animal or vegetable oils and fats < Food, beverages, tobacco and related products)",15121533,Oil Refined Rapeseed,Commodity,15101901,Refined oil,Commodity,50151500,Edible vegetable and plant oils and fats,Class
15421000-5,Refined oils,category,"Refined oils (Hierarchy: Refined oils < Refined oils and fats < Animal or vegetable oils and fats < Food, beverages, tobacco and related products)",15121533,Oil Refined Rapeseed,Commodity,15101901,Refined oil,Commodity,50151500,Edible vegetable and plant oils and fats,Class
15422000-2,Refined fats,category,"Refined fats (Hierarchy: Refined fats < Refined oils and fats < Animal or vegetable oils and fats < Food, beverages, tobacco and related products)",15121533,Oil Refined Rapeseed,Commodity,15101901,Refined oil,Commodity,50151500,Edible vegetable and plant oils and fats,Class
15423000-9,Hydrogenated or esterified oils or fats,category,"Hydrogenated or esterified oils or fats (Hierarchy: Hydrogenated or esterified oils or fats < Refined oils and fats < Animal or vegetable oils and fats < Food, beverages, tobacco and related products)",50151514,Edible vegetable or plant fats,Commodity,50151516,Margarine and similar preparations,Commodity,12352108,Esters or its substitutes,Commodity
15424000-6,Vegetable waxes,category,"Vegetable waxes (Hierarchy: Vegetable waxes < Refined oils and fats < Animal or vegetable oils and fats < Food, beverages, tobacco and related products)",50151700,Vegetable waxes,Class,50151500,Edible vegetable and plant oils and fats,Class,50151514,Edible vegetable or plant fats,Commodity
15430000-1,Edible fats,class,"Edible fats (Hierarchy: Edible fats < Animal or vegetable oils and fats < Food, beverages, tobacco and related products)",50151500,Edible vegetable and plant oils and fats,Class,50151600,Edible animal oils and fats,Class,50151514,Edible vegetable or plant fats,Commodity
15431000-8,Margarine and similar preparations,category,"Margarine and similar preparations (Hierarchy: Margarine and similar preparations < Edible fats < Animal or vegetable oils and fats < Food, beverages, tobacco and related products)",50151516,Margarine and similar preparations,Commodity,50151500,Edible vegetable and plant oils and fats,Class,50151514,Edible vegetable or plant fats,Commodity
15431100-9,Margarine,subcategory,"Margarine (Hierarchy: Margarine and similar preparations < Edible fats < Animal or vegetable oils and fats < Food, beverages, tobacco and related products)",50151516,Margarine and similar preparations,Commodity,50151500,Edible vegetable and plant oils and fats,Class,50151514,Edible vegetable or plant fats,Commodity
15431110-2,Liquid margarine,subcategory,"Liquid margarine (Hierarchy: Margarine and similar preparations < Edible fats < Animal or vegetable oils and fats < Food, beverages, tobacco and related products)",50151516,Margarine and similar preparations,Commodity,50151500,Edible vegetable and plant oils and fats,Class,50151514,Edible vegetable or plant fats,Commodity
15431200-0,Reduced or low-fat spreads,subcategory,"Reduced or low-fat spreads (Hierarchy: Margarine and similar preparations < Edible fats < Animal or vegetable oils and fats < Food, beverages, tobacco and related products)",50151516,Margarine and similar preparations,Commodity,50151514,Edible vegetable or plant fats,Commodity,50192402,Nut or mixed spreads,Commodity
15500000-3,Dairy products,group,"Dairy products (Hierarchy: Dairy products < Food, beverages, tobacco and related products)",50131700,Milk and butter products,Class,50131701,Fresh milk or butter products,Commodity,50131703,Frozen milk and butter products,Commodity
15510000-6,Milk and cream,class,"Milk and cream (Hierarchy: Milk and cream < Dairy products < Food, beverages, tobacco and related products)",50131707,"Cream, fresh",Commodity,50131700,Milk and butter products,Class,50131701,Fresh milk or butter products,Commodity
15511000-3,Milk,category,"Milk (Hierarchy: Milk < Milk and cream < Dairy products < Food, beverages, tobacco and related products)",50203205,Raw cow milk,Commodity,50131700,Milk and butter products,Class,50131702,Shelf stable milk or butter products,Commodity
15511100-4,Pasteurised milk,subcategory,"Pasteurised milk (Hierarchy: Milk < Milk and cream < Dairy products < Food, beverages, tobacco and related products)",50131702,Shelf stable milk or butter products,Commodity,50131701,Fresh milk or butter products,Commodity,50131700,Milk and butter products,Class
15511200-5,Sterilised milk,subcategory,"Sterilised milk (Hierarchy: Milk < Milk and cream < Dairy products < Food, beverages, tobacco and related products)",50131702,Shelf stable milk or butter products,Commodity,50131704,Powdered milk,Commodity,50131701,Fresh milk or butter products,Commodity
15511210-8,UHT milk,subcategory,"UHT milk (Hierarchy: Milk < Milk and cream < Dairy products < Food, beverages, tobacco and related products)",50131702,Shelf stable milk or butter products,Commodity,50131701,Fresh milk or butter products,Commodity,50131703,Frozen milk and butter products,Commodity
15511300-6,Skimmed milk,subcategory,"Skimmed milk (Hierarchy: Milk < Milk and cream < Dairy products < Food, beverages, tobacco and related products)",50131702,Shelf stable milk or butter products,Commodity,50131701,Fresh milk or butter products,Commodity,50131703,Frozen milk and butter products,Commodity
15511400-7,Semi-skimmed milk,subcategory,"Semi-skimmed milk (Hierarchy: Milk < Milk and cream < Dairy products < Food, beverages, tobacco and related products)",50131700,Milk and butter products,Class,50131702,Shelf stable milk or butter products,Commodity,50131701,Fresh milk or butter products,Commodity
15511500-8,Full-cream milk,subcategory,"Full-cream milk (Hierarchy: Milk < Milk and cream < Dairy products < Food, beverages, tobacco and related products)",50131701,Fresh milk or butter products,Commodity,50131703,Frozen milk and butter products,Commodity,50131702,Shelf stable milk or butter products,Commodity
15511600-9,Condensed milk,subcategory,"Condensed milk (Hierarchy: Milk < Milk and cream < Dairy products < Food, beverages, tobacco and related products)",50131702,Shelf stable milk or butter products,Commodity,50131701,Fresh milk or butter products,Commodity,50131703,Frozen milk and butter products,Commodity
15511700-0,Milk powder,subcategory,"Milk powder (Hierarchy: Milk < Milk and cream < Dairy products < Food, beverages, tobacco and related products)",50131704,Powdered milk,Commodity,50131700,Milk and butter products,Class,50131702,Shelf stable milk or butter products,Commodity
15512000-0,Cream,category,"Cream (Hierarchy: Cream < Milk and cream < Dairy products < Food, beverages, tobacco and related products)",50131707,"Cream, fresh",Commodity,50201714,Non dairy creamers,Commodity,52151641,Domestic whipped cream maker,Commodity
15512100-1,Single cream,subcategory,"Single cream (Hierarchy: Cream < Milk and cream < Dairy products < Food, beverages, tobacco and related products)",50131707,"Cream, fresh",Commodity,10351505,Fresh cut single bloom cream carnation,Commodity,50131700,Milk and butter products,Class
15512200-2,Double cream,subcategory,"Double cream (Hierarchy: Cream < Milk and cream < Dairy products < Food, beverages, tobacco and related products)",50131707,"Cream, fresh",Commodity,50131700,Milk and butter products,Class,50130000,Dairy products and eggs,Family
15512300-3,Clotted cream,subcategory,"Clotted cream (Hierarchy: Cream < Milk and cream < Dairy products < Food, beverages, tobacco and related products)",50131707,"Cream, fresh",Commodity,50131701,Fresh milk or butter products,Commodity,50131702,Shelf stable milk or butter products,Commodity
15512900-9,Whipping cream,subcategory,"Whipping cream (Hierarchy: Cream < Milk and cream < Dairy products < Food, beverages, tobacco and related products)",52151641,Domestic whipped cream maker,Commodity,50131707,"Cream, fresh",Commodity,73131804,Butter or cream processing services,Commodity
15530000-2,Butter,class,"Butter (Hierarchy: Butter < Dairy products < Food, beverages, tobacco and related products)",50131700,Milk and butter products,Class,50131701,Fresh milk or butter products,Commodity,50315422,Organic italian butter pears,Commodity
15540000-5,Cheese products,class,"Cheese products (Hierarchy: Cheese products < Dairy products < Food, beverages, tobacco and related products)",50131800,Cheese,Class,50131802,Processed cheese,Commodity,50131801,Natural cheese,Commodity
15541000-2,Table cheese,category,"Table cheese (Hierarchy: Table cheese < Cheese products < Dairy products < Food, beverages, tobacco and related products)",50131801,Natural cheese,Commodity,50131802,Processed cheese,Commodity,50495403,Organic cheese pepper purees,Commodity
15542000-9,Fresh cheese,category,"Fresh cheese (Hierarchy: Fresh cheese < Cheese products < Dairy products < Food, beverages, tobacco and related products)",50131707,"Cream, fresh",Commodity,50131701,Fresh milk or butter products,Commodity,50111525,"Goat, minimally processed without additions",Commodity
15542100-0,Cottage cheese,subcategory,"Cottage cheese (Hierarchy: Fresh cheese < Cheese products < Dairy products < Food, beverages, tobacco and related products)",50131701,Fresh milk or butter products,Commodity,50131801,Natural cheese,Commodity,73131803,Cheese processing services,Commodity
15542200-1,Soft cheese,subcategory,"Soft cheese (Hierarchy: Fresh cheese < Cheese products < Dairy products < Food, beverages, tobacco and related products)",50111525,"Goat, minimally processed without additions",Commodity,50131707,"Cream, fresh",Commodity,50131801,Natural cheese,Commodity
15542300-2,Feta cheese,subcategory,"Feta cheese (Hierarchy: Fresh cheese < Cheese products < Dairy products < Food, beverages, tobacco and related products)",50131801,Natural cheese,Commodity,50111525,"Goat, minimally processed without additions",Commodity,50112016,"Goat, processed without additions",Commodity
15543000-6,"Grated, powdered, blue-veined and other cheese",category,"Grated, powdered, blue-veined and other cheese (Hierarchy: Grated, powdered, blue-veined and other cheese < Cheese products < Dairy products < Food, beverages, tobacco and related products)",50131800,Cheese,Class,50131802,Processed cheese,Commodity,50130000,Dairy products and eggs,Family
15543100-7,Blue cheese,subcategory,"Blue cheese (Hierarchy: Grated, powdered, blue-veined and other cheese < Cheese products < Dairy products < Food, beverages, tobacco and related products)",50131801,Natural cheese,Commodity,50131802,Processed cheese,Commodity,73131803,Cheese processing services,Commodity
15543200-8,Cheddar cheese,subcategory,"Cheddar cheese (Hierarchy: Grated, powdered, blue-veined and other cheese < Cheese products < Dairy products < Food, beverages, tobacco and related products)",50131802,Processed cheese,Commodity,50131801,Natural cheese,Commodity,73131803,Cheese processing services,Commodity
15543300-9,Grated cheese,subcategory,"Grated cheese (Hierarchy: Grated, powdered, blue-veined and other cheese < Cheese products < Dairy products < Food, beverages, tobacco and related products)",50131802,Processed cheese,Commodity,50131800,Cheese,Class,50131801,Natural cheese,Commodity
15543400-0,Parmesan cheese,subcategory,"Parmesan cheese (Hierarchy: Grated, powdered, blue-veined and other cheese < Cheese products < Dairy products < Food, beverages, tobacco and related products)",50131800,Cheese,Class,50130000,Dairy products and eggs,Family,50000000,Food and Beverage Products,Segment
15544000-3,Hard cheese,category,"Hard cheese (Hierarchy: Hard cheese < Cheese products < Dairy products < Food, beverages, tobacco and related products)",50131800,Cheese,Class,50131801,Natural cheese,Commodity,50596607,Dried Non GMO cheese pumpkin,Commodity
15545000-0,Cheese spreads,category,"Cheese spreads (Hierarchy: Cheese spreads < Cheese products < Dairy products < Food, beverages, tobacco and related products)",50495403,Organic cheese pepper purees,Commodity,50131802,Processed cheese,Commodity,50485503,Cheese pepper purees,Commodity
15550000-8,Assorted dairy products,class,"Assorted dairy products (Hierarchy: Assorted dairy products < Dairy products < Food, beverages, tobacco and related products)",50131703,Frozen milk and butter products,Commodity,50131700,Milk and butter products,Class,50131702,Shelf stable milk or butter products,Commodity
15551000-5,Yoghurt and other fermented milk products,category,"Yoghurt and other fermented milk products (Hierarchy: Yoghurt and other fermented milk products < Assorted dairy products < Dairy products < Food, beverages, tobacco and related products)",50192303,Flavored ices or ice cream or ice cream desserts or frozen yogurts,Commodity,52141550,Domestic yogurt maker,Commodity,50130000,Dairy products and eggs,Family
15551300-8,Yoghurt,subcategory,"Yoghurt (Hierarchy: Yoghurt and other fermented milk products < Assorted dairy products < Dairy products < Food, beverages, tobacco and related products)",50192303,Flavored ices or ice cream or ice cream desserts or frozen yogurts,Commodity,52141550,Domestic yogurt maker,Commodity,50130000,Dairy products and eggs,Family
15551310-1,Unflavoured yoghurt,subcategory,"Unflavoured yoghurt (Hierarchy: Yoghurt and other fermented milk products < Assorted dairy products < Dairy products < Food, beverages, tobacco and related products)",50111535,"Horse, minimally processed without additions",Commodity,50112213,"Non gmo goat, processed without additions",Commodity,50131701,Fresh milk or butter products,Commodity
15551320-4,Flavoured yoghurt,subcategory,"Flavoured yoghurt (Hierarchy: Yoghurt and other fermented milk products < Assorted dairy products < Dairy products < Food, beverages, tobacco and related products)",50192303,Flavored ices or ice cream or ice cream desserts or frozen yogurts,Commodity,50000000,Food and Beverage Products,Segment,50130000,Dairy products and eggs,Family
15551500-0,Buttermilk,subcategory,"Buttermilk (Hierarchy: Yoghurt and other fermented milk products < Assorted dairy products < Dairy products < Food, beverages, tobacco and related products)",50131701,Fresh milk or butter products,Commodity,50131702,Shelf stable milk or butter products,Commodity,50192303,Flavored ices or ice cream or ice cream desserts or frozen yogurts,Commodity
15552000-2,Casein,category,"Casein (Hierarchy: Casein < Assorted dairy products < Dairy products < Food, beverages, tobacco and related products)",41181817,Casein allergenic extracts,Commodity,51241842,Calcium caseinate/cod liver oil/lanolin/lanolin alcohol/methylbe,Commodity,50131702,Shelf stable milk or butter products,Commodity
15553000-9,Lactose or lactose syrup,category,"Lactose or lactose syrup (Hierarchy: Lactose or lactose syrup < Assorted dairy products < Dairy products < Food, beverages, tobacco and related products)",50131706,Lactose,Commodity,51173229,Galactose/lactose/lactulose,Commodity,50000000,Food and Beverage Products,Segment
15554000-6,Whey,category,"Whey (Hierarchy: Whey < Assorted dairy products < Dairy products < Food, beverages, tobacco and related products)",50131705,Whey,Commodity,41181801,Whey allergenic extracts,Commodity,50501703,Nutritional protein supplement,Commodity
15555000-3,Ice cream and similar products,category,"Ice cream and similar products (Hierarchy: Ice cream and similar products < Assorted dairy products < Dairy products < Food, beverages, tobacco and related products)",50192303,Flavored ices or ice cream or ice cream desserts or frozen yogurts,Commodity,50192304,Edible ice cream cups or cones,Commodity,50131703,Frozen milk and butter products,Commodity
15555100-4,Ice cream,subcategory,"Ice cream (Hierarchy: Ice cream and similar products < Assorted dairy products < Dairy products < Food, beverages, tobacco and related products)",50192303,Flavored ices or ice cream or ice cream desserts or frozen yogurts,Commodity,50192304,Edible ice cream cups or cones,Commodity,50131703,Frozen milk and butter products,Commodity
15555200-5,Sorbet,subcategory,"Sorbet (Hierarchy: Ice cream and similar products < Assorted dairy products < Dairy products < Food, beverages, tobacco and related products)",50192303,Flavored ices or ice cream or ice cream desserts or frozen yogurts,Commodity,50192304,Edible ice cream cups or cones,Commodity,50547034,Frozen non GMO sorb berries,Commodity
15600000-4,"Grain mill products, starches and starch products",group,"Grain mill products, starches and starch products (Hierarchy: Grain mill products, starches and starch products < Food, beverages, tobacco and related products)",50221303,Corn starch or corn flour,Commodity,50221300,Flour and milled products,Class,50221102,Cereal flour,Commodity
15610000-7,Grain mill products,class,"Grain mill products (Hierarchy: Grain mill products < Grain mill products, starches and starch products < Food, beverages, tobacco and related products)",50221303,Corn starch or corn flour,Commodity,50221300,Flour and milled products,Class,50221102,Cereal flour,Commodity
15611000-4,Husked rice,category,"Husked rice (Hierarchy: Husked rice < Grain mill products < Grain mill products, starches and starch products < Food, beverages, tobacco and related products)",50221300,Flour and milled products,Class,21102004,Rice cleaning or hulling equipment,Commodity,50221200,Processed cereals,Class
15612000-1,Cereal or vegetable flour and related products,category,"Cereal or vegetable flour and related products (Hierarchy: Cereal or vegetable flour and related products < Grain mill products < Grain mill products, starches and starch products < Food, beverages, tobacco and related products)",50221303,Corn starch or corn flour,Commodity,50221102,Cereal flour,Commodity,50221301,Vegetable flour,Commodity
15612100-2,Wheat flour,subcategory,"Wheat flour (Hierarchy: Cereal or vegetable flour and related products < Grain mill products < Grain mill products, starches and starch products < Food, beverages, tobacco and related products)",50221305,Wheat flour,Commodity,50221102,Cereal flour,Commodity,50221300,Flour and milled products,Class
15612110-5,Wholemeal flour,subcategory,"Wholemeal flour (Hierarchy: Cereal or vegetable flour and related products < Grain mill products < Grain mill products, starches and starch products < Food, beverages, tobacco and related products)",50221102,Cereal flour,Commodity,50221300,Flour and milled products,Class,50221301,Vegetable flour,Commodity
15612120-8,Breadmaking flour,subcategory,"Breadmaking flour (Hierarchy: Cereal or vegetable flour and related products < Grain mill products < Grain mill products, starches and starch products < Food, beverages, tobacco and related products)",50221102,Cereal flour,Commodity,50221305,Wheat flour,Commodity,50221300,Flour and milled products,Class
15612130-1,Plain flour,subcategory,"Plain flour (Hierarchy: Cereal or vegetable flour and related products < Grain mill products < Grain mill products, starches and starch products < Food, beverages, tobacco and related products)",50221102,Cereal flour,Commodity,50221305,Wheat flour,Commodity,50221300,Flour and milled products,Class
15612150-7,Pastry flour,subcategory,"Pastry flour (Hierarchy: Cereal or vegetable flour and related products < Grain mill products < Grain mill products, starches and starch products < Food, beverages, tobacco and related products)",50221102,Cereal flour,Commodity,50221300,Flour and milled products,Class,50221301,Vegetable flour,Commodity
15612190-9,Self-raising flour,subcategory,"Self-raising flour (Hierarchy: Cereal or vegetable flour and related products < Grain mill products < Grain mill products, starches and starch products < Food, beverages, tobacco and related products)",50221301,Vegetable flour,Commodity,50221102,Cereal flour,Commodity,50221300,Flour and milled products,Class
15612200-3,Cereal flour,subcategory,"Cereal flour (Hierarchy: Cereal or vegetable flour and related products < Grain mill products < Grain mill products, starches and starch products < Food, beverages, tobacco and related products)",50221102,Cereal flour,Commodity,50221305,Wheat flour,Commodity,50221303,Corn starch or corn flour,Commodity
15612210-6,Corn flour,subcategory,"Corn flour (Hierarchy: Cereal or vegetable flour and related products < Grain mill products < Grain mill products, starches and starch products < Food, beverages, tobacco and related products)",50221303,Corn starch or corn flour,Commodity,50221102,Cereal flour,Commodity,50221118,Chullpi starchy corn,Commodity
15612220-9,Rice flour,subcategory,"Rice flour (Hierarchy: Cereal or vegetable flour and related products < Grain mill products < Grain mill products, starches and starch products < Food, beverages, tobacco and related products)",50221102,Cereal flour,Commodity,50221301,Vegetable flour,Commodity,50221300,Flour and milled products,Class
15612300-4,Vegetable flour and meal,subcategory,"Vegetable flour and meal (Hierarchy: Cereal or vegetable flour and related products < Grain mill products < Grain mill products, starches and starch products < Food, beverages, tobacco and related products)",50221301,Vegetable flour,Commodity,50221306,Cassava flour,Commodity,50221304,Potato flour,Commodity
15612400-5,Mixes for the preparation of baker's wares,subcategory,"Mixes for the preparation of baker's wares (Hierarchy: Cereal or vegetable flour and related products < Grain mill products < Grain mill products, starches and starch products < Food, beverages, tobacco and related products)",50181708,Baking mixes,Commodity,50181700,Baking mixes and supplies,Class,50221300,Flour and milled products,Class
15612410-8,Cake mixes,subcategory,"Cake mixes (Hierarchy: Cereal or vegetable flour and related products < Grain mill products < Grain mill products, starches and starch products < Food, beverages, tobacco and related products)",50221303,Corn starch or corn flour,Commodity,50221301,Vegetable flour,Commodity,50221102,Cereal flour,Commodity
15612420-1,Baking mixes,subcategory,"Baking mixes (Hierarchy: Cereal or vegetable flour and related products < Grain mill products < Grain mill products, starches and starch products < Food, beverages, tobacco and related products)",50221303,Corn starch or corn flour,Commodity,50221102,Cereal flour,Commodity,50181700,Baking mixes and supplies,Class
15612500-6,Bakery products,subcategory,"Bakery products (Hierarchy: Cereal or vegetable flour and related products < Grain mill products < Grain mill products, starches and starch products < Food, beverages, tobacco and related products)",50221102,Cereal flour,Commodity,50221303,Corn starch or corn flour,Commodity,50221300,Flour and milled products,Class
15613000-8,Cereal grain products,category,"Cereal grain products (Hierarchy: Cereal grain products < Grain mill products < Grain mill products, starches and starch products < Food, beverages, tobacco and related products)",50221300,Flour and milled products,Class,50221102,Cereal flour,Commodity,50221305,Wheat flour,Commodity
15613100-9,Ground oats,subcategory,"Ground oats (Hierarchy: Cereal grain products < Grain mill products < Grain mill products, starches and starch products < Food, beverages, tobacco and related products)",50221104,Oat grain,Commodity,50221300,Flour and milled products,Class,50221201,Ready to eat or hot cereals,Commodity
15613300-1,Cereal products,subcategory,"Cereal products (Hierarchy: Cereal grain products < Grain mill products < Grain mill products, starches and starch products < Food, beverages, tobacco and related products)",50221300,Flour and milled products,Class,50221200,Processed cereals,Class,50221102,Cereal flour,Commodity
15613310-4,Prepared breakfast cereals,subcategory,"Prepared breakfast cereals (Hierarchy: Cereal grain products < Grain mill products < Grain mill products, starches and starch products < Food, beverages, tobacco and related products)",50221200,Processed cereals,Class,50221201,Ready to eat or hot cereals,Commodity,50221300,Flour and milled products,Class
15613311-1,Cornflakes,subcategory,"Cornflakes (Hierarchy: Cereal grain products < Grain mill products < Grain mill products, starches and starch products < Food, beverages, tobacco and related products)",50221303,Corn starch or corn flour,Commodity,50221200,Processed cereals,Class,50221201,Ready to eat or hot cereals,Commodity
15613313-5,Muesli or equivalent,subcategory,"Muesli or equivalent (Hierarchy: Cereal grain products < Grain mill products < Grain mill products, starches and starch products < Food, beverages, tobacco and related products)",50221200,Processed cereals,Class,50221104,Oat grain,Commodity,50221102,Cereal flour,Commodity
15613319-7,Puffed wheat,subcategory,"Puffed wheat (Hierarchy: Cereal grain products < Grain mill products < Grain mill products, starches and starch products < Food, beverages, tobacco and related products)",50221300,Flour and milled products,Class,50221200,Processed cereals,Class,50221201,Ready to eat or hot cereals,Commodity
15613380-5,Rolled oats,subcategory,"Rolled oats (Hierarchy: Cereal grain products < Grain mill products < Grain mill products, starches and starch products < Food, beverages, tobacco and related products)",50221104,Oat grain,Commodity,50221200,Processed cereals,Class,50221201,Ready to eat or hot cereals,Commodity
15614000-5,Processed rice,category,"Processed rice (Hierarchy: Processed rice < Grain mill products < Grain mill products, starches and starch products < Food, beverages, tobacco and related products)",50221300,Flour and milled products,Class,50182005,Rice cake,Commodity,50221200,Processed cereals,Class
15614100-6,Long-grain rice,subcategory,"Long-grain rice (Hierarchy: Processed rice < Grain mill products < Grain mill products, starches and starch products < Food, beverages, tobacco and related products)",50221108,Rice grain,Commodity,50221300,Flour and milled products,Class,50221200,Processed cereals,Class
15614200-7,Milled rice,subcategory,"Milled rice (Hierarchy: Processed rice < Grain mill products < Grain mill products, starches and starch products < Food, beverages, tobacco and related products)",50221300,Flour and milled products,Class,50221200,Processed cereals,Class,73131902,Cereal products processing services,Commodity
15614300-8,Broken rice,subcategory,"Broken rice (Hierarchy: Processed rice < Grain mill products < Grain mill products, starches and starch products < Food, beverages, tobacco and related products)",50182005,Rice cake,Commodity,50192603,Shelf stable prepared potatoes or rice or pasta or stuffing,Commodity,73131902,Cereal products processing services,Commodity
15615000-2,Bran,category,"Bran (Hierarchy: Bran < Grain mill products < Grain mill products, starches and starch products < Food, beverages, tobacco and related products)",10121501,Pure wheat bran,Commodity,50221300,Flour and milled products,Class,50221200,Processed cereals,Class
15620000-0,Starches and starch products,class,"Starches and starch products (Hierarchy: Starches and starch products < Grain mill products, starches and starch products < Food, beverages, tobacco and related products)",50221303,Corn starch or corn flour,Commodity,50192603,Shelf stable prepared potatoes or rice or pasta or stuffing,Commodity,50221304,Potato flour,Commodity
15621000-7,Corn oil,category,"Corn oil (Hierarchy: Corn oil < Starches and starch products < Grain mill products, starches and starch products < Food, beverages, tobacco and related products)",50151500,Edible vegetable and plant oils and fats,Class,50221303,Corn starch or corn flour,Commodity,50151513,Edible vegetable or plant oils,Commodity
15622000-4,Glucose and glucose products; fructose and fructose products,category,"Glucose and glucose products; fructose and fructose products (Hierarchy: Glucose and glucose products; fructose and fructose products < Starches and starch products < Grain mill products, starches and starch products < Food, beverages, tobacco and related products)",50393484,Organic sugarose grape purees,Commodity,50383884,Sugarose grape purees,Commodity,50496762,Organic sugar and gold corn purees,Commodity
15622100-5,Glucose and glucose products,subcategory,"Glucose and glucose products (Hierarchy: Glucose and glucose products; fructose and fructose products < Starches and starch products < Grain mill products, starches and starch products < Food, beverages, tobacco and related products)",50221303,Corn starch or corn flour,Commodity,50496762,Organic sugar and gold corn purees,Commodity,50393484,Organic sugarose grape purees,Commodity
15622110-8,Glucose,subcategory,"Glucose (Hierarchy: Glucose and glucose products; fructose and fructose products < Starches and starch products < Grain mill products, starches and starch products < Food, beverages, tobacco and related products)",42231811,Glucose tablets or gels or supplements for treatment of hypoglycemia,Commodity,50221303,Corn starch or corn flour,Commodity,50496762,Organic sugar and gold corn purees,Commodity
15622120-1,Glucose syrup,subcategory,"Glucose syrup (Hierarchy: Glucose and glucose products; fructose and fructose products < Starches and starch products < Grain mill products, starches and starch products < Food, beverages, tobacco and related products)",50161512,Syrups,Commodity,73131903,Sugar or sugar products processing services,Commodity,50161509,Natural sugars or sweetening products,Commodity
15622300-7,Fructose and fructose products,subcategory,"Fructose and fructose products (Hierarchy: Glucose and glucose products; fructose and fructose products < Starches and starch products < Grain mill products, starches and starch products < Food, beverages, tobacco and related products)",41141810,Fructose,Commodity,50393484,Organic sugarose grape purees,Commodity,50393485,Organic sugarthirteen grape purees,Commodity
15622310-0,Fructose,subcategory,"Fructose (Hierarchy: Glucose and glucose products; fructose and fructose products < Starches and starch products < Grain mill products, starches and starch products < Food, beverages, tobacco and related products)",41141810,Fructose,Commodity,51172602,Fructose/glucose/phosphoric acid,Commodity,85265202,Diagnosis of disorders of fructose metabolism,Commodity
15622320-3,Fructose preparations,subcategory,"Fructose preparations (Hierarchy: Glucose and glucose products; fructose and fructose products < Starches and starch products < Grain mill products, starches and starch products < Food, beverages, tobacco and related products)",41141810,Fructose,Commodity,51171811,Combinational fructose dextrose and phosphoric acid,Commodity,51172602,Fructose/glucose/phosphoric acid,Commodity
15622321-0,Fructose solutions,subcategory,"Fructose solutions (Hierarchy: Glucose and glucose products; fructose and fructose products < Starches and starch products < Grain mill products, starches and starch products < Food, beverages, tobacco and related products)",41141810,Fructose,Commodity,51171811,Combinational fructose dextrose and phosphoric acid,Commodity,51172602,Fructose/glucose/phosphoric acid,Commodity
15622322-7,Fructose syrup,subcategory,"Fructose syrup (Hierarchy: Glucose and glucose products; fructose and fructose products < Starches and starch products < Grain mill products, starches and starch products < Food, beverages, tobacco and related products)",41141810,Fructose,Commodity,51172602,Fructose/glucose/phosphoric acid,Commodity,51183621,Invert sugar,Commodity
15623000-1,Starches,category,"Starches (Hierarchy: Starches < Starches and starch products < Grain mill products, starches and starch products < Food, beverages, tobacco and related products)",50221303,Corn starch or corn flour,Commodity,50192603,Shelf stable prepared potatoes or rice or pasta or stuffing,Commodity,50626755,Non GMO seneca starshine corn purees,Commodity
15624000-8,Tapioca,category,"Tapioca (Hierarchy: Tapioca < Starches and starch products < Grain mill products, starches and starch products < Food, beverages, tobacco and related products)",50181712,Tapioca,Commodity,50221300,Flour and milled products,Class,50221306,Cassava flour,Commodity
15625000-5,Semolina,category,"Semolina (Hierarchy: Semolina < Starches and starch products < Grain mill products, starches and starch products < Food, beverages, tobacco and related products)",50221113,Durum wheat,Commodity,50221300,Flour and milled products,Class,50192902,Shelf stable plain pasta or noodles,Commodity
15626000-2,Custard powder,category,"Custard powder (Hierarchy: Custard powder < Starches and starch products < Grain mill products, starches and starch products < Food, beverages, tobacco and related products)",50000000,Food and Beverage Products,Segment,50221300,Flour and milled products,Class,50221303,Corn starch or corn flour,Commodity
15700000-5,Animal feedstuffs,group,"Animal feedstuffs (Hierarchy: Animal feedstuffs < Food, beverages, tobacco and related products)",10120000,Animal feed,Family,10121500,Livestock feed,Class,10121508,Feed alfalfa or lucerne meal or pellets,Commodity
15710000-8,Prepared animal feeds for farm and other animals,class,"Prepared animal feeds for farm and other animals (Hierarchy: Prepared animal feeds for farm and other animals < Animal feedstuffs < Food, beverages, tobacco and related products)",10121508,Feed alfalfa or lucerne meal or pellets,Commodity,10121500,Livestock feed,Class,10121507,Compound feed,Commodity
15711000-5,Fish food,category,"Fish food (Hierarchy: Fish food < Prepared animal feeds for farm and other animals < Animal feedstuffs < Food, beverages, tobacco and related products)",10121702,Fish food pellets,Commodity,10121703,Fish food flakes,Commodity,10121700,Fish food,Class
15712000-2,Dry fodder,category,"Dry fodder (Hierarchy: Dry fodder < Prepared animal feeds for farm and other animals < Animal feedstuffs < Food, beverages, tobacco and related products)",50436801,Dried organic alfalfa,Commodity,50426801,Dried alfalfa,Commodity,10121801,Dry food for dogs,Commodity
15713000-9,Pet food,category,"Pet food (Hierarchy: Pet food < Prepared animal feeds for farm and other animals < Animal feedstuffs < Food, beverages, tobacco and related products)",10121800,Dog and cat food,Class,10121702,Fish food pellets,Commodity,10120000,Animal feed,Family
15800000-6,Miscellaneous food products,group,"Miscellaneous food products (Hierarchy: Miscellaneous food products < Food, beverages, tobacco and related products)",50192400,Jams and jellies and nut and sweet spreads and fruit conserves,Class,50192109,Crisps or chips or pretzels or mixes,Commodity,50171900,Pickles and relish and olives,Class
15810000-9,"Bread products, fresh pastry goods and cakes",class,"Bread products, fresh pastry goods and cakes (Hierarchy: Bread products, fresh pastry goods and cakes < Miscellaneous food products < Food, beverages, tobacco and related products)",50182001,Fresh cakes or pies or pastries,Commodity,50182000,Cakes and pies and pastries,Class,50180000,Bread and bakery products,Family
15811000-6,Bread products,category,"Bread products (Hierarchy: Bread products < Bread products, fresh pastry goods and cakes < Miscellaneous food products < Food, beverages, tobacco and related products)",50182001,Fresh cakes or pies or pastries,Commodity,50181904,Dried breads or bread shells or croutons,Commodity,50182000,Cakes and pies and pastries,Class
15811100-7,Bread,subcategory,"Bread (Hierarchy: Bread products < Bread products, fresh pastry goods and cakes < Miscellaneous food products < Food, beverages, tobacco and related products)",50182001,Fresh cakes or pies or pastries,Commodity,50181904,Dried breads or bread shells or croutons,Commodity,50181901,Fresh bread,Commodity
15811200-8,Rolls,subcategory,"Rolls (Hierarchy: Bread products < Bread products, fresh pastry goods and cakes < Miscellaneous food products < Food, beverages, tobacco and related products)",50182001,Fresh cakes or pies or pastries,Commodity,50192501,Fresh sandwiches or filled rolls,Commodity,50192502,Frozen sandwiches or filled rolls,Commodity
15811300-9,Croissants,subcategory,"Croissants (Hierarchy: Bread products < Bread products, fresh pastry goods and cakes < Miscellaneous food products < Food, beverages, tobacco and related products)",50182001,Fresh cakes or pies or pastries,Commodity,50182002,Frozen cakes or pies or pastries,Commodity,50182003,Frozen pastry dough,Commodity
15811400-0,Crumpets,subcategory,"Crumpets (Hierarchy: Bread products < Bread products, fresh pastry goods and cakes < Miscellaneous food products < Food, beverages, tobacco and related products)",50182001,Fresh cakes or pies or pastries,Commodity,50180000,Bread and bakery products,Family,50181900,Bread and biscuits and cookies,Class
15811500-1,Prepared bread products,subcategory,"Prepared bread products (Hierarchy: Bread products < Bread products, fresh pastry goods and cakes < Miscellaneous food products < Food, beverages, tobacco and related products)",50182001,Fresh cakes or pies or pastries,Commodity,50182002,Frozen cakes or pies or pastries,Commodity,50182000,Cakes and pies and pastries,Class
15811510-4,Sandwiches,subcategory,"Sandwiches (Hierarchy: Bread products < Bread products, fresh pastry goods and cakes < Miscellaneous food products < Food, beverages, tobacco and related products)",50192501,Fresh sandwiches or filled rolls,Commodity,50192500,Sandwiches and filled rolls,Class,50192502,Frozen sandwiches or filled rolls,Commodity
15811511-1,Prepared sandwiches,subcategory,"Prepared sandwiches (Hierarchy: Bread products < Bread products, fresh pastry goods and cakes < Miscellaneous food products < Food, beverages, tobacco and related products)",50192501,Fresh sandwiches or filled rolls,Commodity,50192500,Sandwiches and filled rolls,Class,50192502,Frozen sandwiches or filled rolls,Commodity
15812000-3,Pastry goods and cakes,category,"Pastry goods and cakes (Hierarchy: Pastry goods and cakes < Bread products, fresh pastry goods and cakes < Miscellaneous food products < Food, beverages, tobacco and related products)",50182001,Fresh cakes or pies or pastries,Commodity,50192801,Fresh savory pies or quiches or pasties,Commodity,50182000,Cakes and pies and pastries,Class
15812100-4,Pastry goods,subcategory,"Pastry goods (Hierarchy: Pastry goods and cakes < Bread products, fresh pastry goods and cakes < Miscellaneous food products < Food, beverages, tobacco and related products)",50182001,Fresh cakes or pies or pastries,Commodity,50192801,Fresh savory pies or quiches or pasties,Commodity,50182000,Cakes and pies and pastries,Class
15812120-0,Pies,subcategory,"Pies (Hierarchy: Pastry goods and cakes < Bread products, fresh pastry goods and cakes < Miscellaneous food products < Food, beverages, tobacco and related products)",50192801,Fresh savory pies or quiches or pasties,Commodity,50182001,Fresh cakes or pies or pastries,Commodity,50192802,Frozen savory pies or quiches or pasties,Commodity
15812121-7,Savoury pies,subcategory,"Savoury pies (Hierarchy: Pastry goods and cakes < Bread products, fresh pastry goods and cakes < Miscellaneous food products < Food, beverages, tobacco and related products)",50192801,Fresh savory pies or quiches or pasties,Commodity,50192800,Savory pies and quiches and pasties,Class,50192802,Frozen savory pies or quiches or pasties,Commodity
15812122-4,Sweet pies,subcategory,"Sweet pies (Hierarchy: Pastry goods and cakes < Bread products, fresh pastry goods and cakes < Miscellaneous food products < Food, beverages, tobacco and related products)",50182001,Fresh cakes or pies or pastries,Commodity,50182002,Frozen cakes or pies or pastries,Commodity,50192801,Fresh savory pies or quiches or pasties,Commodity
15812200-5,Cakes,subcategory,"Cakes (Hierarchy: Pastry goods and cakes < Bread products, fresh pastry goods and cakes < Miscellaneous food products < Food, beverages, tobacco and related products)",50182001,Fresh cakes or pies or pastries,Commodity,50182002,Frozen cakes or pies or pastries,Commodity,50182000,Cakes and pies and pastries,Class
15813000-0,Morning goods,category,"Morning goods (Hierarchy: Morning goods < Bread products, fresh pastry goods and cakes < Miscellaneous food products < Food, beverages, tobacco and related products)",50182001,Fresh cakes or pies or pastries,Commodity,50192501,Fresh sandwiches or filled rolls,Commodity,50192801,Fresh savory pies or quiches or pasties,Commodity
15820000-2,Rusks and biscuits; preserved pastry goods and cakes,class,"Rusks and biscuits; preserved pastry goods and cakes (Hierarchy: Rusks and biscuits; preserved pastry goods and cakes < Miscellaneous food products < Food, beverages, tobacco and related products)",50181905,Sweet biscuits or cookies,Commodity,50181903,Plain savory biscuits,Commodity,50501815,High-Energy biscuits,Commodity
15821000-9,Toasted bread products and pastry goods,category,"Toasted bread products and pastry goods (Hierarchy: Toasted bread products and pastry goods < Rusks and biscuits; preserved pastry goods and cakes < Miscellaneous food products < Food, beverages, tobacco and related products)",50181904,Dried breads or bread shells or croutons,Commodity,50181905,Sweet biscuits or cookies,Commodity,50181903,Plain savory biscuits,Commodity
15821100-0,Toasted bread products,subcategory,"Toasted bread products (Hierarchy: Toasted bread products and pastry goods < Rusks and biscuits; preserved pastry goods and cakes < Miscellaneous food products < Food, beverages, tobacco and related products)",50181904,Dried breads or bread shells or croutons,Commodity,50181903,Plain savory biscuits,Commodity,50181905,Sweet biscuits or cookies,Commodity
15821110-3,Toasted bread,subcategory,"Toasted bread (Hierarchy: Toasted bread products and pastry goods < Rusks and biscuits; preserved pastry goods and cakes < Miscellaneous food products < Food, beverages, tobacco and related products)",50181904,Dried breads or bread shells or croutons,Commodity,50181903,Plain savory biscuits,Commodity,50181905,Sweet biscuits or cookies,Commodity
15821130-9,Crispbread,subcategory,"Crispbread (Hierarchy: Toasted bread products and pastry goods < Rusks and biscuits; preserved pastry goods and cakes < Miscellaneous food products < Food, beverages, tobacco and related products)",50181904,Dried breads or bread shells or croutons,Commodity,50181903,Plain savory biscuits,Commodity,50181900,Bread and biscuits and cookies,Class
15821150-5,Rusks,subcategory,"Rusks (Hierarchy: Toasted bread products and pastry goods < Rusks and biscuits; preserved pastry goods and cakes < Miscellaneous food products < Food, beverages, tobacco and related products)",50181904,Dried breads or bread shells or croutons,Commodity,50181903,Plain savory biscuits,Commodity,50181905,Sweet biscuits or cookies,Commodity
15821200-1,Sweet biscuits,subcategory,"Sweet biscuits (Hierarchy: Toasted bread products and pastry goods < Rusks and biscuits; preserved pastry goods and cakes < Miscellaneous food products < Food, beverages, tobacco and related products)",50181905,Sweet biscuits or cookies,Commodity,50181903,Plain savory biscuits,Commodity,50181900,Bread and biscuits and cookies,Class
15830000-5,Sugar and related products,class,"Sugar and related products (Hierarchy: Sugar and related products < Miscellaneous food products < Food, beverages, tobacco and related products)",50160000,Chocolate and sugars and sweeteners and confectionary products,Family,50161500,Chocolate and sugars and sweetening products,Class,50461922,Canned or jarred sugar beets,Commodity
15831000-2,Sugar,category,"Sugar (Hierarchy: Sugar < Sugar and related products < Miscellaneous food products < Food, beverages, tobacco and related products)",50461922,Canned or jarred sugar beets,Commodity,50556803,Canned or jarred non GMO thai lessard sugar apple,Commodity,50376803,Canned or jarred organic thai lessard sugar apple,Commodity
15831200-4,White sugar,subcategory,"White sugar (Hierarchy: Sugar < Sugar and related products < Miscellaneous food products < Food, beverages, tobacco and related products)",50161900,Sugar products,Class,73131903,Sugar or sugar products processing services,Commodity,50586764,Non GMO sugar snow corn,Commodity
15831300-5,Maple sugar and maple syrup,subcategory,"Maple sugar and maple syrup (Hierarchy: Sugar < Sugar and related products < Miscellaneous food products < Food, beverages, tobacco and related products)",50161900,Sugar products,Class,73131903,Sugar or sugar products processing services,Commodity,50161509,Natural sugars or sweetening products,Commodity
15831400-6,Molasses,subcategory,"Molasses (Hierarchy: Sugar < Sugar and related products < Miscellaneous food products < Food, beverages, tobacco and related products)",50161509,Natural sugars or sweetening products,Commodity,50161900,Sugar products,Class,73131903,Sugar or sugar products processing services,Commodity
15831500-7,Sugar syrups,subcategory,"Sugar syrups (Hierarchy: Sugar < Sugar and related products < Miscellaneous food products < Food, beverages, tobacco and related products)",50161512,Syrups,Commodity,50161900,Sugar products,Class,50160000,Chocolate and sugars and sweeteners and confectionary products,Family
15831600-8,Honey,subcategory,"Honey (Hierarchy: Sugar < Sugar and related products < Miscellaneous food products < Food, beverages, tobacco and related products)",50192403,Honey,Commodity,50473225,Canned or jarred organic honey and cream corn,Commodity,50554412,Canned or jarred non GMO honey mandarin oranges,Commodity
15832000-9,Sugar-manufacture waste,category,"Sugar-manufacture waste (Hierarchy: Sugar-manufacture waste < Sugar and related products < Miscellaneous food products < Food, beverages, tobacco and related products)",73131903,Sugar or sugar products processing services,Commodity,11141700,Food and tobacco waste and scrap,Class,50421922,Dried sugar beets,Commodity
15833000-6,Sugar products,category,"Sugar products (Hierarchy: Sugar products < Sugar and related products < Miscellaneous food products < Food, beverages, tobacco and related products)",50192400,Jams and jellies and nut and sweet spreads and fruit conserves,Class,50160000,Chocolate and sugars and sweeteners and confectionary products,Family,50161500,Chocolate and sugars and sweetening products,Class
15833100-7,Desserts,subcategory,"Desserts (Hierarchy: Sugar products < Sugar and related products < Miscellaneous food products < Food, beverages, tobacco and related products)",50160000,Chocolate and sugars and sweeteners and confectionary products,Family,50192303,Flavored ices or ice cream or ice cream desserts or frozen yogurts,Commodity,50192400,Jams and jellies and nut and sweet spreads and fruit conserves,Class
15833110-0,Flans,subcategory,"Flans (Hierarchy: Sugar products < Sugar and related products < Miscellaneous food products < Food, beverages, tobacco and related products)",50192303,Flavored ices or ice cream or ice cream desserts or frozen yogurts,Commodity,50160000,Chocolate and sugars and sweeteners and confectionary products,Family,50161900,Sugar products,Class
15840000-8,Cocoa; chocolate and sugar confectionery,class,"Cocoa; chocolate and sugar confectionery (Hierarchy: Cocoa; chocolate and sugar confectionery < Miscellaneous food products < Food, beverages, tobacco and related products)",50161813,Chocolate or chocolate substitute candy,Commodity,50161511,Chocolate or chocolate substitute,Commodity,50181905,Sweet biscuits or cookies,Commodity
15841000-5,Cocoa,category,"Cocoa (Hierarchy: Cocoa < Cocoa; chocolate and sugar confectionery < Miscellaneous food products < Food, beverages, tobacco and related products)",50160000,Chocolate and sugars and sweeteners and confectionary products,Family,50161500,Chocolate and sugars and sweetening products,Class,10152054,Cacao or cocoa tree seed,Commodity
15841100-6,Cocoa paste,subcategory,"Cocoa paste (Hierarchy: Cocoa < Cocoa; chocolate and sugar confectionery < Miscellaneous food products < Food, beverages, tobacco and related products)",50160000,Chocolate and sugars and sweeteners and confectionary products,Family,50161500,Chocolate and sugars and sweetening products,Class,50161813,Chocolate or chocolate substitute candy,Commodity
15841200-7,"Cocoa butter, fat or oil",subcategory,"Cocoa butter, fat or oil (Hierarchy: Cocoa < Cocoa; chocolate and sugar confectionery < Miscellaneous food products < Food, beverages, tobacco and related products)",50151500,Edible vegetable and plant oils and fats,Class,50150000,Edible oils and fats,Family,50160000,Chocolate and sugars and sweeteners and confectionary products,Family
15841300-8,Unsweetened cocoa powder,subcategory,"Unsweetened cocoa powder (Hierarchy: Cocoa < Cocoa; chocolate and sugar confectionery < Miscellaneous food products < Food, beverages, tobacco and related products)",50160000,Chocolate and sugars and sweeteners and confectionary products,Family,50161500,Chocolate and sugars and sweetening products,Class,50161800,Confectionary products,Class
15841400-9,Sweetened cocoa powder,subcategory,"Sweetened cocoa powder (Hierarchy: Cocoa < Cocoa; chocolate and sugar confectionery < Miscellaneous food products < Food, beverages, tobacco and related products)",50160000,Chocolate and sugars and sweeteners and confectionary products,Family,50161500,Chocolate and sugars and sweetening products,Class,50161800,Confectionary products,Class
15842000-2,Chocolate and sugar confectionery,category,"Chocolate and sugar confectionery (Hierarchy: Chocolate and sugar confectionery < Cocoa; chocolate and sugar confectionery < Miscellaneous food products < Food, beverages, tobacco and related products)",50160000,Chocolate and sugars and sweeteners and confectionary products,Family,50161500,Chocolate and sugars and sweetening products,Class,50161813,Chocolate or chocolate substitute candy,Commodity
15842100-3,Chocolate,subcategory,"Chocolate (Hierarchy: Chocolate and sugar confectionery < Cocoa; chocolate and sugar confectionery < Miscellaneous food products < Food, beverages, tobacco and related products)",50160000,Chocolate and sugars and sweeteners and confectionary products,Family,50161500,Chocolate and sugars and sweetening products,Class,50161813,Chocolate or chocolate substitute candy,Commodity
15842200-4,Chocolate products,subcategory,"Chocolate products (Hierarchy: Chocolate and sugar confectionery < Cocoa; chocolate and sugar confectionery < Miscellaneous food products < Food, beverages, tobacco and related products)",50160000,Chocolate and sugars and sweeteners and confectionary products,Family,50161500,Chocolate and sugars and sweetening products,Class,50161813,Chocolate or chocolate substitute candy,Commodity
15842210-7,Drinking chocolate,subcategory,"Drinking chocolate (Hierarchy: Chocolate and sugar confectionery < Cocoa; chocolate and sugar confectionery < Miscellaneous food products < Food, beverages, tobacco and related products)",50160000,Chocolate and sugars and sweeteners and confectionary products,Family,50202307,Chocolate or malt or other hot beverages,Commodity,50161500,Chocolate and sugars and sweetening products,Class
15842220-0,Chocolate bars,subcategory,"Chocolate bars (Hierarchy: Chocolate and sugar confectionery < Cocoa; chocolate and sugar confectionery < Miscellaneous food products < Food, beverages, tobacco and related products)",50160000,Chocolate and sugars and sweeteners and confectionary products,Family,50161500,Chocolate and sugars and sweetening products,Class,50161813,Chocolate or chocolate substitute candy,Commodity
15842300-5,Confectionery,subcategory,"Confectionery (Hierarchy: Chocolate and sugar confectionery < Cocoa; chocolate and sugar confectionery < Miscellaneous food products < Food, beverages, tobacco and related products)",50161813,Chocolate or chocolate substitute candy,Commodity,50161814,Sugar or sugar substitute candy,Commodity,50181905,Sweet biscuits or cookies,Commodity
15842310-8,Boiled sweets,subcategory,"Boiled sweets (Hierarchy: Chocolate and sugar confectionery < Cocoa; chocolate and sugar confectionery < Miscellaneous food products < Food, beverages, tobacco and related products)",50161813,Chocolate or chocolate substitute candy,Commodity,50161814,Sugar or sugar substitute candy,Commodity,50161511,Chocolate or chocolate substitute,Commodity
15842320-1,Nougat,subcategory,"Nougat (Hierarchy: Chocolate and sugar confectionery < Cocoa; chocolate and sugar confectionery < Miscellaneous food products < Food, beverages, tobacco and related products)",50161813,Chocolate or chocolate substitute candy,Commodity,50161814,Sugar or sugar substitute candy,Commodity,50161511,Chocolate or chocolate substitute,Commodity
15842400-6,"Fruit, nuts or fruit peel preserved by sugar",subcategory,"Fruit, nuts or fruit peel preserved by sugar (Hierarchy: Chocolate and sugar confectionery < Cocoa; chocolate and sugar confectionery < Miscellaneous food products < Food, beverages, tobacco and related products)",50192400,Jams and jellies and nut and sweet spreads and fruit conserves,Class,50192401,Jams or jellies or fruit preserves,Commodity,50363485,Canned or jarred sugarthirteen grapes,Commodity
15850000-1,Pasta products,class,"Pasta products (Hierarchy: Pasta products < Miscellaneous food products < Food, beverages, tobacco and related products)",50192902,Shelf stable plain pasta or noodles,Commodity,50192900,Plain pasta and noodles,Class,50192901,Fresh plain pasta or noodles,Commodity
15851000-8,Farinaceous products,category,"Farinaceous products (Hierarchy: Farinaceous products < Pasta products < Miscellaneous food products < Food, beverages, tobacco and related products)",50192902,Shelf stable plain pasta or noodles,Commodity,50192900,Plain pasta and noodles,Class,50192901,Fresh plain pasta or noodles,Commodity
15851100-9,Uncooked pasta,subcategory,"Uncooked pasta (Hierarchy: Farinaceous products < Pasta products < Miscellaneous food products < Food, beverages, tobacco and related products)",50192901,Fresh plain pasta or noodles,Commodity,50192902,Shelf stable plain pasta or noodles,Commodity,50192601,Fresh prepared potatoes or rice or pasta or stuffing,Commodity
15851200-0,Prepared pasta and couscous,subcategory,"Prepared pasta and couscous (Hierarchy: Farinaceous products < Pasta products < Miscellaneous food products < Food, beverages, tobacco and related products)",50192902,Shelf stable plain pasta or noodles,Commodity,50192900,Plain pasta and noodles,Class,50192603,Shelf stable prepared potatoes or rice or pasta or stuffing,Commodity
15851210-3,Prepared pasta,subcategory,"Prepared pasta (Hierarchy: Farinaceous products < Pasta products < Miscellaneous food products < Food, beverages, tobacco and related products)",50192902,Shelf stable plain pasta or noodles,Commodity,50192900,Plain pasta and noodles,Class,50192603,Shelf stable prepared potatoes or rice or pasta or stuffing,Commodity
15851220-6,Stuffed pasta,subcategory,"Stuffed pasta (Hierarchy: Farinaceous products < Pasta products < Miscellaneous food products < Food, beverages, tobacco and related products)",50192603,Shelf stable prepared potatoes or rice or pasta or stuffing,Commodity,50192602,Frozen prepared potatoes or rice or pasta or stuffing,Commodity,50192601,Fresh prepared potatoes or rice or pasta or stuffing,Commodity
15851230-9,Lasagne,subcategory,"Lasagne (Hierarchy: Farinaceous products < Pasta products < Miscellaneous food products < Food, beverages, tobacco and related products)",50192901,Fresh plain pasta or noodles,Commodity,50192902,Shelf stable plain pasta or noodles,Commodity,50192900,Plain pasta and noodles,Class
15851250-5,Couscous,subcategory,"Couscous (Hierarchy: Farinaceous products < Pasta products < Miscellaneous food products < Food, beverages, tobacco and related products)",50192902,Shelf stable plain pasta or noodles,Commodity,50221101,Cereal grains,Commodity,50192603,Shelf stable prepared potatoes or rice or pasta or stuffing,Commodity
15851290-7,Canned pasta,subcategory,"Canned pasta (Hierarchy: Farinaceous products < Pasta products < Miscellaneous food products < Food, beverages, tobacco and related products)",50192902,Shelf stable plain pasta or noodles,Commodity,50192603,Shelf stable prepared potatoes or rice or pasta or stuffing,Commodity,50466220,Canned or jarred spaghetti squash,Commodity
15860000-4,"Coffee, tea and related products",class,"Coffee, tea and related products (Hierarchy: Coffee, tea and related products < Miscellaneous food products < Food, beverages, tobacco and related products)",50201700,Coffee and tea,Class,50201709,Instant coffee,Commodity,48101909,Food service coffee or tea pots,Commodity
15861000-1,Coffee,category,"Coffee (Hierarchy: Coffee < Coffee, tea and related products < Miscellaneous food products < Food, beverages, tobacco and related products)",50201706,Coffee,Commodity,50201709,Instant coffee,Commodity,50201708,Coffee drinks,Commodity
15861100-2,Roasted coffee,subcategory,"Roasted coffee (Hierarchy: Coffee < Coffee, tea and related products < Miscellaneous food products < Food, beverages, tobacco and related products)",23181801,Coffee roasting equipment,Commodity,50201706,Coffee,Commodity,50201708,Coffee drinks,Commodity
15861200-3,Decaffeinated coffee,subcategory,"Decaffeinated coffee (Hierarchy: Coffee < Coffee, tea and related products < Miscellaneous food products < Food, beverages, tobacco and related products)",50201706,Coffee,Commodity,50201708,Coffee drinks,Commodity,50201709,Instant coffee,Commodity
15862000-8,Coffee substitutes,category,"Coffee substitutes (Hierarchy: Coffee substitutes < Coffee, tea and related products < Miscellaneous food products < Food, beverages, tobacco and related products)",50432911,Dried organic wallone freisee weschelkopf chicory,Commodity,50432910,Dried organic tres fine maraichere chicory,Commodity,50201707,Coffee substitutes,Commodity
15863000-5,Tea,category,"Tea (Hierarchy: Tea < Coffee, tea and related products < Miscellaneous food products < Food, beverages, tobacco and related products)",50201711,Instant tea,Commodity,50201713,Tea bags,Commodity,50201712,Tea drinks,Commodity
15863100-6,Green tea,subcategory,"Green tea (Hierarchy: Tea < Coffee, tea and related products < Miscellaneous food products < Food, beverages, tobacco and related products)",50201717,"Coffee, green",Commodity,50201712,Tea drinks,Commodity,50201700,Coffee and tea,Class
15863200-7,Black tea,subcategory,"Black tea (Hierarchy: Tea < Coffee, tea and related products < Miscellaneous food products < Food, beverages, tobacco and related products)",50375701,Canned or jarred organic black kat plucot,Commodity,50315701,Organic black kat plucot,Commodity,50355701,Frozen organic black kat plucot,Commodity
15864000-2,Preparations of tea or maté,category,"Preparations of tea or maté (Hierarchy: Preparations of tea or maté < Coffee, tea and related products < Miscellaneous food products < Food, beverages, tobacco and related products)",52141539,Domestic tea makers,Commodity,50201713,Tea bags,Commodity,50201711,Instant tea,Commodity
15864100-3,Teabags,subcategory,"Teabags (Hierarchy: Preparations of tea or maté < Coffee, tea and related products < Miscellaneous food products < Food, beverages, tobacco and related products)",50201713,Tea bags,Commodity,24121510,Tea bag envelope,Commodity,14122202,Tea bag paper,Commodity
15865000-9,Herbal infusions,category,"Herbal infusions (Hierarchy: Herbal infusions < Coffee, tea and related products < Miscellaneous food products < Food, beverages, tobacco and related products)",50202313,"Infused beverage, herbal or plant-based",Commodity,50171554,Herbs stems and seeds for brews,Commodity,50202312,Infusions,Commodity
15870000-7,Condiments and seasonings,class,"Condiments and seasonings (Hierarchy: Condiments and seasonings < Miscellaneous food products < Food, beverages, tobacco and related products)",50171830,Dipping sauces or condiments or spreads or marinades,Commodity,50171800,Sauces and spreads and condiments,Class,50171700,Vinegars and cooking wines,Class
15871000-4,Vinegar; sauces; mixed condiments; mustard flour and meal; prepared mustard,category,"Vinegar; sauces; mixed condiments; mustard flour and meal; prepared mustard (Hierarchy: Vinegar; sauces; mixed condiments; mustard flour and meal; prepared mustard < Condiments and seasonings < Miscellaneous food products < Food, beverages, tobacco and related products)",50484900,Mustard purees,Class,50474905,Canned or jarred organic southern mustard,Commodity,50494800,Organic mustard purees,Class
15871100-5,Vinegar and vinegar substitutes,subcategory,"Vinegar and vinegar substitutes (Hierarchy: Vinegar; sauces; mixed condiments; mustard flour and meal; prepared mustard < Condiments and seasonings < Miscellaneous food products < Food, beverages, tobacco and related products)",50171707,Vinegars,Commodity,50171700,Vinegars and cooking wines,Class,50171800,Sauces and spreads and condiments,Class
15871110-8,Vinegar or equivalent,subcategory,"Vinegar or equivalent (Hierarchy: Vinegar; sauces; mixed condiments; mustard flour and meal; prepared mustard < Condiments and seasonings < Miscellaneous food products < Food, beverages, tobacco and related products)",50171707,Vinegars,Commodity,50171700,Vinegars and cooking wines,Class,50171800,Sauces and spreads and condiments,Class
15871200-6,"Sauces, mixed condiments and mixed seasonings",subcategory,"Sauces, mixed condiments and mixed seasonings (Hierarchy: Vinegar; sauces; mixed condiments; mustard flour and meal; prepared mustard < Condiments and seasonings < Miscellaneous food products < Food, beverages, tobacco and related products)",50171800,Sauces and spreads and condiments,Class,50171830,Dipping sauces or condiments or spreads or marinades,Commodity,50474900,Canned or jarred organic mustards,Class
15871210-9,Soya sauce,subcategory,"Soya sauce (Hierarchy: Vinegar; sauces; mixed condiments; mustard flour and meal; prepared mustard < Condiments and seasonings < Miscellaneous food products < Food, beverages, tobacco and related products)",50172001,Soy sauce,Commodity,50171800,Sauces and spreads and condiments,Class,50172003,Soybean paste,Commodity
15871230-5,Tomato ketchup,subcategory,"Tomato ketchup (Hierarchy: Vinegar; sauces; mixed condiments; mustard flour and meal; prepared mustard < Condiments and seasonings < Miscellaneous food products < Food, beverages, tobacco and related products)",50171800,Sauces and spreads and condiments,Class,50486421,Super beefsteak tomato purees,Commodity,50171830,Dipping sauces or condiments or spreads or marinades,Commodity
15871250-1,Mustard,subcategory,"Mustard (Hierarchy: Vinegar; sauces; mixed condiments; mustard flour and meal; prepared mustard < Condiments and seasonings < Miscellaneous food products < Food, beverages, tobacco and related products)",50474905,Canned or jarred organic southern mustard,Commodity,50464905,Canned or jarred southern mustard,Commodity,50464901,Canned or jarred bamboo mustard,Commodity
15871260-4,Sauces,subcategory,"Sauces (Hierarchy: Vinegar; sauces; mixed condiments; mustard flour and meal; prepared mustard < Condiments and seasonings < Miscellaneous food products < Food, beverages, tobacco and related products)",50484900,Mustard purees,Class,50171800,Sauces and spreads and condiments,Class,50494800,Organic mustard purees,Class
15871270-7,Mixed condiments,subcategory,"Mixed condiments (Hierarchy: Vinegar; sauces; mixed condiments; mustard flour and meal; prepared mustard < Condiments and seasonings < Miscellaneous food products < Food, beverages, tobacco and related products)",50484900,Mustard purees,Class,50464900,Canned or jarred mustards,Class,50484905,Southern mustard purees,Commodity
15871273-8,Mayonnaise,subcategory,"Mayonnaise (Hierarchy: Vinegar; sauces; mixed condiments; mustard flour and meal; prepared mustard < Condiments and seasonings < Miscellaneous food products < Food, beverages, tobacco and related products)",50171800,Sauces and spreads and condiments,Class,50171830,Dipping sauces or condiments or spreads or marinades,Commodity,50171832,Salad dressing or dips,Commodity
15871274-5,Sandwich spreads,subcategory,"Sandwich spreads (Hierarchy: Vinegar; sauces; mixed condiments; mustard flour and meal; prepared mustard < Condiments and seasonings < Miscellaneous food products < Food, beverages, tobacco and related products)",50484900,Mustard purees,Class,50494800,Organic mustard purees,Class,50494805,Organic southern mustard purees,Commodity
15871279-0,Chutney,subcategory,"Chutney (Hierarchy: Vinegar; sauces; mixed condiments; mustard flour and meal; prepared mustard < Condiments and seasonings < Miscellaneous food products < Food, beverages, tobacco and related products)",50171904,Chutneys,Commodity,50464905,Canned or jarred southern mustard,Commodity,50494800,Organic mustard purees,Class
15872000-1,Herbs and spices,category,"Herbs and spices (Hierarchy: Herbs and spices < Condiments and seasonings < Miscellaneous food products < Food, beverages, tobacco and related products)",50171500,Herbs and spices and extracts,Class,50434115,Dried organic oregano,Commodity,50474100,Canned or jarred organic herbs,Class
15872100-2,Pepper,subcategory,"Pepper (Hierarchy: Herbs and spices < Condiments and seasonings < Miscellaneous food products < Food, beverages, tobacco and related products)",50435500,Dried organic peppers,Class,50485528,Pasilla pepper purees,Commodity,50171553,Red pepper powder,Commodity
15872200-3,Spices,subcategory,"Spices (Hierarchy: Herbs and spices < Condiments and seasonings < Miscellaneous food products < Food, beverages, tobacco and related products)",50171500,Herbs and spices and extracts,Class,50171553,Red pepper powder,Commodity,50474115,Canned or jarred organic oregano,Commodity
15872300-4,Herbs,subcategory,"Herbs (Hierarchy: Herbs and spices < Condiments and seasonings < Miscellaneous food products < Food, beverages, tobacco and related products)",50171500,Herbs and spices and extracts,Class,50474100,Canned or jarred organic herbs,Class,50594100,Dried Non GMO herbs,Class
15872400-5,Salt,subcategory,"Salt (Hierarchy: Herbs and spices < Condiments and seasonings < Miscellaneous food products < Food, beverages, tobacco and related products)",50171551,Cooking or table salt,Commodity,50121900,Salt preserved seafoods,Class,50464121,Canned or jarred sage,Commodity
15872500-6,Ginger,subcategory,"Ginger (Hierarchy: Herbs and spices < Condiments and seasonings < Miscellaneous food products < Food, beverages, tobacco and related products)",50436830,Dried organic ginger root,Commodity,50596830,Dried Non GMO ginger root,Commodity,50616830,Canned or jarred Non GMO ginger root,Commodity
15880000-0,Special nutritional products,class,"Special nutritional products (Hierarchy: Special nutritional products < Miscellaneous food products < Food, beverages, tobacco and related products)",42231803,Adult disease specific supplemental formulas or bars or puddings,Commodity,42231804,Pediatric disease specific supplemental formulas or bars or puddings,Commodity,42231801,Adult supplemental formulas or bars or puddings for general use,Commodity
15881000-7,Homogenised food preparations,category,"Homogenised food preparations (Hierarchy: Homogenised food preparations < Special nutritional products < Miscellaneous food products < Food, beverages, tobacco and related products)",42231801,Adult supplemental formulas or bars or puddings for general use,Commodity,50131702,Shelf stable milk or butter products,Commodity,50501702,Complete meal replacement drink or mix,Commodity
15882000-4,Dietetic products,category,"Dietetic products (Hierarchy: Dietetic products < Special nutritional products < Miscellaneous food products < Food, beverages, tobacco and related products)",42231803,Adult disease specific supplemental formulas or bars or puddings,Commodity,42231801,Adult supplemental formulas or bars or puddings for general use,Commodity,42231802,Pediatric supplemental formulas or bars or puddings for general use,Commodity
15884000-8,Baby food,category,"Baby food (Hierarchy: Baby food < Special nutritional products < Miscellaneous food products < Food, beverages, tobacco and related products)",42231802,Pediatric supplemental formulas or bars or puddings for general use,Commodity,50551702,Canned or jarred non GMO baby bananas,Commodity,50371702,Canned or jarred organic baby bananas,Commodity
15890000-3,Miscellaneous food products and dried goods,class,"Miscellaneous food products and dried goods (Hierarchy: Miscellaneous food products and dried goods < Miscellaneous food products < Food, beverages, tobacco and related products)",50181904,Dried breads or bread shells or croutons,Commodity,50534800,Dried non GMO bayberries and myrtles,Class,50533108,Dried non GMO mission figs,Commodity
15891000-0,Soups and broths,category,"Soups and broths (Hierarchy: Soups and broths < Miscellaneous food products and dried goods < Miscellaneous food products < Food, beverages, tobacco and related products)",50191507,Shelf stable prepared soups or stews,Commodity,50592713,Dried Non GMO soup celery d'amsterdam,Commodity,50612713,Canned or jarred Non GMO soup celery d'amsterdam,Commodity
15891100-1,Meat soups,subcategory,"Meat soups (Hierarchy: Soups and broths < Miscellaneous food products and dried goods < Miscellaneous food products < Food, beverages, tobacco and related products)",50191507,Shelf stable prepared soups or stews,Commodity,50191506,Frozen prepared soups or stews,Commodity,50192111,Dried or processed meats,Commodity
15891200-2,Fish soups,subcategory,"Fish soups (Hierarchy: Soups and broths < Miscellaneous food products and dried goods < Miscellaneous food products < Food, beverages, tobacco and related products)",50191506,Frozen prepared soups or stews,Commodity,50191507,Shelf stable prepared soups or stews,Commodity,50121543,"Fish, dried",Commodity
15891300-3,Mixed soups,subcategory,"Mixed soups (Hierarchy: Soups and broths < Miscellaneous food products and dried goods < Miscellaneous food products < Food, beverages, tobacco and related products)",50432713,Dried organic soup celery d'amsterdam,Commodity,50472713,Canned or jarred organic soup celery d'amsterdam,Commodity,50191507,Shelf stable prepared soups or stews,Commodity
15891400-4,Soups,subcategory,"Soups (Hierarchy: Soups and broths < Miscellaneous food products and dried goods < Miscellaneous food products < Food, beverages, tobacco and related products)",50191507,Shelf stable prepared soups or stews,Commodity,50432713,Dried organic soup celery d'amsterdam,Commodity,50472713,Canned or jarred organic soup celery d'amsterdam,Commodity
15891410-7,Soup mixes,subcategory,"Soup mixes (Hierarchy: Soups and broths < Miscellaneous food products and dried goods < Miscellaneous food products < Food, beverages, tobacco and related products)",50592713,Dried Non GMO soup celery d'amsterdam,Commodity,50432713,Dried organic soup celery d'amsterdam,Commodity,50191507,Shelf stable prepared soups or stews,Commodity
15891500-5,Broths,subcategory,"Broths (Hierarchy: Soups and broths < Miscellaneous food products and dried goods < Miscellaneous food products < Food, beverages, tobacco and related products)",50191507,Shelf stable prepared soups or stews,Commodity,50193104,Soup bases,Commodity,50191506,Frozen prepared soups or stews,Commodity
15891600-6,Stocks,subcategory,"Stocks (Hierarchy: Soups and broths < Miscellaneous food products and dried goods < Miscellaneous food products < Food, beverages, tobacco and related products)",50191507,Shelf stable prepared soups or stews,Commodity,50432713,Dried organic soup celery d'amsterdam,Commodity,50191506,Frozen prepared soups or stews,Commodity
15891610-9,Mixes for stocks,subcategory,"Mixes for stocks (Hierarchy: Soups and broths < Miscellaneous food products and dried goods < Miscellaneous food products < Food, beverages, tobacco and related products)",50191507,Shelf stable prepared soups or stews,Commodity,50191506,Frozen prepared soups or stews,Commodity,50432713,Dried organic soup celery d'amsterdam,Commodity
15891900-9,Vegetable soups,subcategory,"Vegetable soups (Hierarchy: Soups and broths < Miscellaneous food products and dried goods < Miscellaneous food products < Food, beverages, tobacco and related products)",50612713,Canned or jarred Non GMO soup celery d'amsterdam,Commodity,50472713,Canned or jarred organic soup celery d'amsterdam,Commodity,50592713,Dried Non GMO soup celery d'amsterdam,Commodity
15892000-7,"Vegetable saps, extracts, peptic substances and thickeners",category,"Vegetable saps, extracts, peptic substances and thickeners (Hierarchy: Vegetable saps, extracts, peptic substances and thickeners < Miscellaneous food products and dried goods < Miscellaneous food products < Food, beverages, tobacco and related products)",50436843,Dried organic mamey sapote,Commodity,50596843,Dried Non GMO mamey sapote,Commodity,50536501,Dried non GMO white sapotes,Commodity
15892100-8,Vegetable saps,subcategory,"Vegetable saps (Hierarchy: Vegetable saps, extracts, peptic substances and thickeners < Miscellaneous food products and dried goods < Miscellaneous food products < Food, beverages, tobacco and related products)",50536501,Dried non GMO white sapotes,Commodity,50596843,Dried Non GMO mamey sapote,Commodity,50536502,Dried non GMO black sapotes,Commodity
15892200-9,Vegetable extracts,subcategory,"Vegetable extracts (Hierarchy: Vegetable saps, extracts, peptic substances and thickeners < Miscellaneous food products and dried goods < Miscellaneous food products < Food, beverages, tobacco and related products)",31221603,Organic tanning extracts of vegetable origin,Commodity,50203100,Fresh vegetable juice or concentrate,Class,50171500,Herbs and spices and extracts,Class
15892400-1,Thickeners,subcategory,"Thickeners (Hierarchy: Vegetable saps, extracts, peptic substances and thickeners < Miscellaneous food products and dried goods < Miscellaneous food products < Food, beverages, tobacco and related products)",50431826,Dried organic guar gum beans,Commodity,50421826,Dried guar gum beans,Commodity,50491826,Organic guar gum bean purees,Commodity
15893000-4,Dry goods,category,"Dry goods (Hierarchy: Dry goods < Miscellaneous food products and dried goods < Miscellaneous food products < Food, beverages, tobacco and related products)",50181904,Dried breads or bread shells or croutons,Commodity,50533206,Dried non GMO worcestershire gooseberries,Commodity,50426600,Dried winter squashes and winter pumpkins,Class
15893100-5,Food mixes,subcategory,"Food mixes (Hierarchy: Dry goods < Miscellaneous food products and dried goods < Miscellaneous food products < Food, beverages, tobacco and related products)",50192603,Shelf stable prepared potatoes or rice or pasta or stuffing,Commodity,50192109,Crisps or chips or pretzels or mixes,Commodity,50181904,Dried breads or bread shells or croutons,Commodity
15893200-6,Dessert mixes,subcategory,"Dessert mixes (Hierarchy: Dry goods < Miscellaneous food products and dried goods < Miscellaneous food products < Food, beverages, tobacco and related products)",50193102,Dessert mix,Commodity,50181708,Baking mixes,Commodity,50181700,Baking mixes and supplies,Class
15893300-7,Gravy mixes,subcategory,"Gravy mixes (Hierarchy: Dry goods < Miscellaneous food products and dried goods < Miscellaneous food products < Food, beverages, tobacco and related products)",50193103,Gravy mix,Commodity,50181700,Baking mixes and supplies,Class,50181708,Baking mixes,Commodity
15894000-1,Processed food products,category,"Processed food products (Hierarchy: Processed food products < Miscellaneous food products and dried goods < Miscellaneous food products < Food, beverages, tobacco and related products)",50192111,Dried or processed meats,Commodity,50112000,Processed meat and poultry products,Class,50192603,Shelf stable prepared potatoes or rice or pasta or stuffing,Commodity
15894100-2,Vegan packs,subcategory,"Vegan packs (Hierarchy: Processed food products < Miscellaneous food products and dried goods < Miscellaneous food products < Food, beverages, tobacco and related products)",50591700,Dried Non GMO avocados,Class,50596100,Dried Non GMO spinaches,Class,50333000,Dried organic dragonfruit,Class
15894200-3,Prepared meals,subcategory,"Prepared meals (Hierarchy: Processed food products < Miscellaneous food products and dried goods < Miscellaneous food products < Food, beverages, tobacco and related products)",50192603,Shelf stable prepared potatoes or rice or pasta or stuffing,Commodity,50192602,Frozen prepared potatoes or rice or pasta or stuffing,Commodity,50191507,Shelf stable prepared soups or stews,Commodity
15894210-6,School meals,subcategory,"School meals (Hierarchy: Processed food products < Miscellaneous food products and dried goods < Miscellaneous food products < Food, beverages, tobacco and related products)",50192603,Shelf stable prepared potatoes or rice or pasta or stuffing,Commodity,50191507,Shelf stable prepared soups or stews,Commodity,50181904,Dried breads or bread shells or croutons,Commodity
15894220-9,Hospital meals,subcategory,"Hospital meals (Hierarchy: Processed food products < Miscellaneous food products and dried goods < Miscellaneous food products < Food, beverages, tobacco and related products)",50192603,Shelf stable prepared potatoes or rice or pasta or stuffing,Commodity,50191507,Shelf stable prepared soups or stews,Commodity,42231803,Adult disease specific supplemental formulas or bars or puddings,Commodity
15894300-4,Prepared dishes,subcategory,"Prepared dishes (Hierarchy: Processed food products < Miscellaneous food products and dried goods < Miscellaneous food products < Food, beverages, tobacco and related products)",50192603,Shelf stable prepared potatoes or rice or pasta or stuffing,Commodity,50191507,Shelf stable prepared soups or stews,Commodity,50192602,Frozen prepared potatoes or rice or pasta or stuffing,Commodity
15894400-5,Snacks,subcategory,"Snacks (Hierarchy: Processed food products < Miscellaneous food products and dried goods < Miscellaneous food products < Food, beverages, tobacco and related products)",50192109,Crisps or chips or pretzels or mixes,Commodity,50181904,Dried breads or bread shells or croutons,Commodity,50435300,Dried organic peanuts,Class
15894500-6,Vending-machine ingredients,subcategory,"Vending-machine ingredients (Hierarchy: Processed food products < Miscellaneous food products and dried goods < Miscellaneous food products < Food, beverages, tobacco and related products)",50181904,Dried breads or bread shells or croutons,Commodity,50192111,Dried or processed meats,Commodity,50192109,Crisps or chips or pretzels or mixes,Commodity
15894600-7,Sandwich fillings,subcategory,"Sandwich fillings (Hierarchy: Processed food products < Miscellaneous food products and dried goods < Miscellaneous food products < Food, beverages, tobacco and related products)",50192504,Frozen sandwich fillers,Commodity,50192502,Frozen sandwiches or filled rolls,Commodity,50171900,Pickles and relish and olives,Class
15894700-8,Delicatessen,subcategory,"Delicatessen (Hierarchy: Processed food products < Miscellaneous food products and dried goods < Miscellaneous food products < Food, beverages, tobacco and related products)",50192111,Dried or processed meats,Commodity,50112000,Processed meat and poultry products,Class,50112100,Organic processed meat and poultry products,Class
15895000-8,Fast-food products,category,"Fast-food products (Hierarchy: Fast-food products < Miscellaneous food products and dried goods < Miscellaneous food products < Food, beverages, tobacco and related products)",50192109,Crisps or chips or pretzels or mixes,Commodity,50192502,Frozen sandwiches or filled rolls,Commodity,50192500,Sandwiches and filled rolls,Class
15895100-9,Hamburgers,subcategory,"Hamburgers (Hierarchy: Fast-food products < Miscellaneous food products and dried goods < Miscellaneous food products < Food, beverages, tobacco and related products)",50333633,Dried organic muscat hamburg grapes,Commodity,50533633,Dried non GMO muscat hamburg grapes,Commodity,50353633,Frozen organic muscat hamburg grapes,Commodity
15896000-5,Deep-frozen products,category,"Deep-frozen products (Hierarchy: Deep-frozen products < Miscellaneous food products and dried goods < Miscellaneous food products < Food, beverages, tobacco and related products)",50192602,Frozen prepared potatoes or rice or pasta or stuffing,Commodity,50182002,Frozen cakes or pies or pastries,Commodity,50446600,Frozen winter squashes and winter pumpkins,Class
15897000-2,Canned goods and field rations,category,"Canned goods and field rations (Hierarchy: Canned goods and field rations < Miscellaneous food products and dried goods < Miscellaneous food products < Food, beverages, tobacco and related products)",50471818,Canned or jarred organic european soldier beans,Commodity,50466212,Canned or jarred kentucky field squash,Commodity,50611818,Canned or jarred Non GMO european soldier beans,Commodity
15897100-3,Field rations,subcategory,"Field rations (Hierarchy: Canned goods and field rations < Miscellaneous food products and dried goods < Miscellaneous food products < Food, beverages, tobacco and related products)",50471818,Canned or jarred organic european soldier beans,Commodity,50461818,Canned or jarred european soldier beans,Commodity,57050200,Food emergency rations,Class
15897200-4,Canned goods,subcategory,"Canned goods (Hierarchy: Canned goods and field rations < Miscellaneous food products and dried goods < Miscellaneous food products < Food, beverages, tobacco and related products)",50471818,Canned or jarred organic european soldier beans,Commodity,50611818,Canned or jarred Non GMO european soldier beans,Commodity,50475602,Canned or jarred organic round white potatoes,Commodity
15897300-5,Food parcels,subcategory,"Food parcels (Hierarchy: Canned goods and field rations < Miscellaneous food products and dried goods < Miscellaneous food products < Food, beverages, tobacco and related products)",50192603,Shelf stable prepared potatoes or rice or pasta or stuffing,Commodity,57050200,Food emergency rations,Class,50192111,Dried or processed meats,Commodity
15898000-9,Yeast,category,"Yeast (Hierarchy: Yeast < Miscellaneous food products and dried goods < Miscellaneous food products < Food, beverages, tobacco and related products)",50181710,Bakers yeast,Commodity,41106206,Complete supplement mixtures for yeast,Commodity,41106226,Bottled broth media for yeast,Commodity
15899000-6,Baking powder,category,"Baking powder (Hierarchy: Baking powder < Miscellaneous food products and dried goods < Miscellaneous food products < Food, beverages, tobacco and related products)",50181711,Baking powder,Commodity,50181700,Baking mixes and supplies,Class,50000000,Food and Beverage Products,Segment
15900000-7,"Beverages, tobacco and related products",group,"Beverages, tobacco and related products (Hierarchy: Beverages, tobacco and related products < Food, beverages, tobacco and related products)",50210000,Tobacco and smoking products and substitutes,Family,50200000,Beverages,Family,50202200,Alcoholic beverages,Class
15910000-0,Distilled alcoholic beverages,class,"Distilled alcoholic beverages (Hierarchy: Distilled alcoholic beverages < Beverages, tobacco and related products < Food, beverages, tobacco and related products)",50202206,Spirits or liquors,Commodity,73131501,Spirits distilling or blending services,Commodity,50202200,Alcoholic beverages,Class
15911000-7,Spirituous beverages,category,"Spirituous beverages (Hierarchy: Spirituous beverages < Distilled alcoholic beverages < Beverages, tobacco and related products < Food, beverages, tobacco and related products)",50202206,Spirits or liquors,Commodity,73131501,Spirits distilling or blending services,Commodity,50202200,Alcoholic beverages,Class
15911100-8,Spirits,subcategory,"Spirits (Hierarchy: Spirituous beverages < Distilled alcoholic beverages < Beverages, tobacco and related products < Food, beverages, tobacco and related products)",50202206,Spirits or liquors,Commodity,50202200,Alcoholic beverages,Class,50202209,Soju,Commodity
15911200-9,Liqueurs,subcategory,"Liqueurs (Hierarchy: Spirituous beverages < Distilled alcoholic beverages < Beverages, tobacco and related products < Food, beverages, tobacco and related products)",50202206,Spirits or liquors,Commodity,50202200,Alcoholic beverages,Class,50202204,Fortified wine,Commodity
15930000-6,Wines,class,"Wines (Hierarchy: Wines < Beverages, tobacco and related products < Food, beverages, tobacco and related products)",50202203,Wine,Commodity,50202204,Fortified wine,Commodity,50202205,Sparkling wine,Commodity
15931000-3,Unflavoured wines,category,"Unflavoured wines (Hierarchy: Unflavoured wines < Wines < Beverages, tobacco and related products < Food, beverages, tobacco and related products)",50202203,Wine,Commodity,50202210,Clear strained rice wine,Commodity,50202204,Fortified wine,Commodity
15931100-4,Sparkling wine,subcategory,"Sparkling wine (Hierarchy: Unflavoured wines < Wines < Beverages, tobacco and related products < Food, beverages, tobacco and related products)",50202205,Sparkling wine,Commodity,50202203,Wine,Commodity,50553623,Canned or jarred non GMO lambrusco grapes,Commodity
15931200-5,Table wine,subcategory,"Table wine (Hierarchy: Unflavoured wines < Wines < Beverages, tobacco and related products < Food, beverages, tobacco and related products)",50202203,Wine,Commodity,50202204,Fortified wine,Commodity,50303493,Tokay/pinot gris grapes,Commodity
15931300-6,Port,subcategory,"Port (Hierarchy: Unflavoured wines < Wines < Beverages, tobacco and related products < Food, beverages, tobacco and related products)",50202203,Wine,Commodity,50202205,Sparkling wine,Commodity,50202204,Fortified wine,Commodity
15931400-7,Madeira,subcategory,"Madeira (Hierarchy: Unflavoured wines < Wines < Beverages, tobacco and related products < Food, beverages, tobacco and related products)",50202204,Fortified wine,Commodity,50601835,Frozen Non GMO madeira/madera beans,Commodity,50451835,Frozen organic madeira/madera beans,Commodity
15931500-8,Grape must,subcategory,"Grape must (Hierarchy: Unflavoured wines < Wines < Beverages, tobacco and related products < Food, beverages, tobacco and related products)",50383923,Lambrusco grape purees,Commodity,50202203,Wine,Commodity,50383949,Sangiovese grape purees,Commodity
15931600-9,Sherry,subcategory,"Sherry (Hierarchy: Unflavoured wines < Wines < Beverages, tobacco and related products < Food, beverages, tobacco and related products)",50202204,Fortified wine,Commodity,50202203,Wine,Commodity,50202200,Alcoholic beverages,Class
15932000-0,Wine lees,category,"Wine lees (Hierarchy: Wine lees < Wines < Beverages, tobacco and related products < Food, beverages, tobacco and related products)",50202203,Wine,Commodity,73131502,Wine processing services,Commodity,50202210,Clear strained rice wine,Commodity
15940000-9,Cider and other fruit wines,class,"Cider and other fruit wines (Hierarchy: Cider and other fruit wines < Beverages, tobacco and related products < Food, beverages, tobacco and related products)",50202202,Cider or perry,Commodity,50200000,Beverages,Family,50202200,Alcoholic beverages,Class
15941000-6,Cider,category,"Cider (Hierarchy: Cider < Cider and other fruit wines < Beverages, tobacco and related products < Food, beverages, tobacco and related products)",50202202,Cider or perry,Commodity,50311594,Organic winesap apples,Commodity,50202600,Fresh pome fruit juice or concentrate,Class
15942000-3,Fruit wines,category,"Fruit wines (Hierarchy: Fruit wines < Cider and other fruit wines < Beverages, tobacco and related products < Food, beverages, tobacco and related products)",50202202,Cider or perry,Commodity,50315436,Organic perry pears,Commodity,50311594,Organic winesap apples,Commodity
15950000-2,Non-distilled fermented beverages,class,"Non-distilled fermented beverages (Hierarchy: Non-distilled fermented beverages < Beverages, tobacco and related products < Food, beverages, tobacco and related products)",50202201,Beer,Commodity,50202202,Cider or perry,Commodity,50172005,Mejoo or fermented soybeans,Commodity
15951000-9,Vermouth,category,"Vermouth (Hierarchy: Vermouth < Non-distilled fermented beverages < Beverages, tobacco and related products < Food, beverages, tobacco and related products)",50200000,Beverages,Family,50202300,Non alcoholic beverages,Class,50202204,Fortified wine,Commodity
15960000-5,Malt beer,class,"Malt beer (Hierarchy: Malt beer < Beverages, tobacco and related products < Food, beverages, tobacco and related products)",50202307,Chocolate or malt or other hot beverages,Commodity,50202201,Beer,Commodity,50000000,Food and Beverage Products,Segment
15961000-2,Beer,category,"Beer (Hierarchy: Beer < Malt beer < Beverages, tobacco and related products < Food, beverages, tobacco and related products)",50202201,Beer,Commodity,50221302,Barley malt,Commodity,50200000,Beverages,Family
15961100-3,Lager,subcategory,"Lager (Hierarchy: Beer < Malt beer < Beverages, tobacco and related products < Food, beverages, tobacco and related products)",50202201,Beer,Commodity,50221302,Barley malt,Commodity,50200000,Beverages,Family
15962000-9,Brewing or distilling dregs,category,"Brewing or distilling dregs (Hierarchy: Brewing or distilling dregs < Malt beer < Beverages, tobacco and related products < Food, beverages, tobacco and related products)",73131501,Spirits distilling or blending services,Commodity,50202206,Spirits or liquors,Commodity,73131503,Brewery processing services,Commodity
15980000-1,Non-alcoholic beverages,class,"Non-alcoholic beverages (Hierarchy: Non-alcoholic beverages < Beverages, tobacco and related products < Food, beverages, tobacco and related products)",50202300,Non alcoholic beverages,Class,50201700,Coffee and tea,Class,73131504,Non alcoholic fruit based beverage processing services,Commodity
15981000-8,Mineral water,category,"Mineral water (Hierarchy: Mineral water < Non-alcoholic beverages < Beverages, tobacco and related products < Food, beverages, tobacco and related products)",50202310,Spring or mineral water,Commodity,50202300,Non alcoholic beverages,Class,50200000,Beverages,Family
15981100-9,Still mineral water,subcategory,"Still mineral water (Hierarchy: Mineral water < Non-alcoholic beverages < Beverages, tobacco and related products < Food, beverages, tobacco and related products)",50202310,Spring or mineral water,Commodity,50202301,Water,Commodity,48101711,Bottled water dispensers or accessories,Commodity
15981200-0,Sparkling mineral water,subcategory,"Sparkling mineral water (Hierarchy: Mineral water < Non-alcoholic beverages < Beverages, tobacco and related products < Food, beverages, tobacco and related products)",50202310,Spring or mineral water,Commodity,50202300,Non alcoholic beverages,Class,50202301,Water,Commodity
15981300-1,Water in solid form,subcategory,"Water in solid form (Hierarchy: Mineral water < Non-alcoholic beverages < Beverages, tobacco and related products < Food, beverages, tobacco and related products)",50202310,Spring or mineral water,Commodity,50202301,Water,Commodity,50202300,Non alcoholic beverages,Class
15981310-4,Ice,subcategory,"Ice (Hierarchy: Mineral water < Non-alcoholic beverages < Beverages, tobacco and related products < Food, beverages, tobacco and related products)",50202310,Spring or mineral water,Commodity,50202302,Ice,Commodity,50202300,Non alcoholic beverages,Class
15981320-7,Snow,subcategory,"Snow (Hierarchy: Mineral water < Non-alcoholic beverages < Beverages, tobacco and related products < Food, beverages, tobacco and related products)",50202310,Spring or mineral water,Commodity,50202300,Non alcoholic beverages,Class,50376220,Canned or jarred organic snow raspberry,Commodity
15981400-2,Flavoured mineral waters,subcategory,"Flavoured mineral waters (Hierarchy: Mineral water < Non-alcoholic beverages < Beverages, tobacco and related products < Food, beverages, tobacco and related products)",50202310,Spring or mineral water,Commodity,73131505,Water beverages processing services,Commodity,50202301,Water,Commodity
15982000-5,Soft drinks,category,"Soft drinks (Hierarchy: Soft drinks < Non-alcoholic beverages < Beverages, tobacco and related products < Food, beverages, tobacco and related products)",50202306,Soft drinks,Commodity,50202300,Non alcoholic beverages,Class,73131504,Non alcoholic fruit based beverage processing services,Commodity
15982100-6,Fruit squashes,subcategory,"Fruit squashes (Hierarchy: Soft drinks < Non-alcoholic beverages < Beverages, tobacco and related products < Food, beverages, tobacco and related products)",73131504,Non alcoholic fruit based beverage processing services,Commodity,50466210,Canned or jarred gold squash,Commodity,50466616,Canned or jarred rouge vif d'etampes squash,Commodity
15982200-7,Chocolate milk,subcategory,"Chocolate milk (Hierarchy: Soft drinks < Non-alcoholic beverages < Beverages, tobacco and related products < Food, beverages, tobacco and related products)",50202307,Chocolate or malt or other hot beverages,Commodity,50161511,Chocolate or chocolate substitute,Commodity,50202306,Soft drinks,Commodity
15990000-4,"Tobacco, tobacco goods and supplies",class,"Tobacco, tobacco goods and supplies (Hierarchy: Tobacco, tobacco goods and supplies < Beverages, tobacco and related products < Food, beverages, tobacco and related products)",50211600,Tobacco product accessories and supplies,Class,50210000,Tobacco and smoking products and substitutes,Family,50211607,Cigarette papers or filters,Commodity
15991000-1,Tobacco goods,category,"Tobacco goods (Hierarchy: Tobacco goods < Tobacco, tobacco goods and supplies < Beverages, tobacco and related products < Food, beverages, tobacco and related products)",50211600,Tobacco product accessories and supplies,Class,50210000,Tobacco and smoking products and substitutes,Family,50211502,Cigarettes or cigars,Commodity
15991100-2,Cigars,subcategory,"Cigars (Hierarchy: Tobacco goods < Tobacco, tobacco goods and supplies < Beverages, tobacco and related products < Food, beverages, tobacco and related products)",50211502,Cigarettes or cigars,Commodity,50211600,Tobacco product accessories and supplies,Class,50210000,Tobacco and smoking products and substitutes,Family
15991200-3,Cigarillos,subcategory,"Cigarillos (Hierarchy: Tobacco goods < Tobacco, tobacco goods and supplies < Beverages, tobacco and related products < Food, beverages, tobacco and related products)",50211502,Cigarettes or cigars,Commodity,50211505,Herbal cigarettes,Commodity,50211503,Pipe tobacco or leaf tobacco,Commodity
15991300-4,Cigarettes,subcategory,"Cigarettes (Hierarchy: Tobacco goods < Tobacco, tobacco goods and supplies < Beverages, tobacco and related products < Food, beverages, tobacco and related products)",50211502,Cigarettes or cigars,Commodity,50210000,Tobacco and smoking products and substitutes,Family,50211607,Cigarette papers or filters,Commodity
15992000-8,Tobacco,category,"Tobacco (Hierarchy: Tobacco < Tobacco, tobacco goods and supplies < Beverages, tobacco and related products < Food, beverages, tobacco and related products)",50211600,Tobacco product accessories and supplies,Class,50210000,Tobacco and smoking products and substitutes,Family,50211502,Cigarettes or cigars,Commodity
15992100-9,Manufactured tobacco,subcategory,"Manufactured tobacco (Hierarchy: Tobacco < Tobacco, tobacco goods and supplies < Beverages, tobacco and related products < Food, beverages, tobacco and related products)",50211600,Tobacco product accessories and supplies,Class,50210000,Tobacco and smoking products and substitutes,Family,50211502,Cigarettes or cigars,Commodity
15993000-5,Tobacconist supplies,category,"Tobacconist supplies (Hierarchy: Tobacconist supplies < Tobacco, tobacco goods and supplies < Beverages, tobacco and related products < Food, beverages, tobacco and related products)",50211600,Tobacco product accessories and supplies,Class,50211607,Cigarette papers or filters,Commodity,50211608,Cigarette lighters or flints,Commodity
15994000-2,Cigarette paper and filter paper,category,"Cigarette paper and filter paper (Hierarchy: Cigarette paper and filter paper < Tobacco, tobacco goods and supplies < Beverages, tobacco and related products < Food, beverages, tobacco and related products)",50211607,Cigarette papers or filters,Commodity,50211600,Tobacco product accessories and supplies,Class,60122504,Paper filters,Commodity
15994100-3,Cigarette paper,subcategory,"Cigarette paper (Hierarchy: Cigarette paper and filter paper < Tobacco, tobacco goods and supplies < Beverages, tobacco and related products < Food, beverages, tobacco and related products)",50211607,Cigarette papers or filters,Commodity,50211600,Tobacco product accessories and supplies,Class,60122504,Paper filters,Commodity
15994200-4,Filter paper,subcategory,"Filter paper (Hierarchy: Cigarette paper and filter paper < Tobacco, tobacco goods and supplies < Beverages, tobacco and related products < Food, beverages, tobacco and related products)",50211607,Cigarette papers or filters,Commodity,60122504,Paper filters,Commodity,40161803,Filter papers,Commodity
16000000-5,Agricultural machinery,division,Agricultural machinery (Hierarchy: Agricultural machinery),21100000,Agricultural and forestry and landscape machinery and equipment,Family,21101600,Agricultural machinery for planting and seeding,Class,21102000,Agricultural machinery for cleaning and sorting and grading,Class
16100000-6,Agricultural and forestry machinery for soil preparation or cultivation,group,Agricultural and forestry machinery for soil preparation or cultivation (Hierarchy: Agricultural and forestry machinery for soil preparation or cultivation < Agricultural machinery),21101500,Agricultural machinery for soil preparation,Class,21101517,Rotary tiller or power tiller,Commodity,21101522,Ridge plough or plow,Commodity
16110000-9,Ploughs or disc harrows,class,Ploughs or disc harrows (Hierarchy: Ploughs or disc harrows < Agricultural and forestry machinery for soil preparation or cultivation < Agricultural machinery),21101501,Ploughs,Commodity,21101522,Ridge plough or plow,Commodity,21101500,Agricultural machinery for soil preparation,Class
16120000-2,"Harrows, scarifiers, cultivators, weeders or hoes",class,"Harrows, scarifiers, cultivators, weeders or hoes (Hierarchy: Harrows, scarifiers, cultivators, weeders or hoes < Agricultural and forestry machinery for soil preparation or cultivation < Agricultural machinery)",21101503,Cultivators,Commodity,21101500,Agricultural machinery for soil preparation,Class,22101704,Scarifiers,Commodity
16130000-5,"Seeders, planters or transplanters",class,"Seeders, planters or transplanters (Hierarchy: Seeders, planters or transplanters < Agricultural and forestry machinery for soil preparation or cultivation < Agricultural machinery)",21101600,Agricultural machinery for planting and seeding,Class,21101602,Transplanters,Commodity,21101601,Planters,Commodity
16140000-8,Manure spreaders,class,Manure spreaders (Hierarchy: Manure spreaders < Agricultural and forestry machinery for soil preparation or cultivation < Agricultural machinery),21101804,Fertilizer spreaders or distributors,Commodity,27112907,Broadcast spreaders,Commodity,21101500,Agricultural machinery for soil preparation,Class
16141000-5,Fertiliser distributors,category,Fertiliser distributors (Hierarchy: Fertiliser distributors < Manure spreaders < Agricultural and forestry machinery for soil preparation or cultivation < Agricultural machinery),21101804,Fertilizer spreaders or distributors,Commodity,21101500,Agricultural machinery for soil preparation,Class,21100000,Agricultural and forestry and landscape machinery and equipment,Family
16150000-1,Lawn or sports-ground rollers,class,Lawn or sports-ground rollers (Hierarchy: Lawn or sports-ground rollers < Agricultural and forestry machinery for soil preparation or cultivation < Agricultural machinery),21101508,Rollers for lawn or sports grounds,Commodity,21101507,Agricultural rollers,Commodity,21101500,Agricultural machinery for soil preparation,Class
16160000-4,Miscellaneous gardening equipment,class,Miscellaneous gardening equipment (Hierarchy: Miscellaneous gardening equipment < Agricultural and forestry machinery for soil preparation or cultivation < Agricultural machinery),27112010,Garden forks,Commodity,27112023,Hand cultivator,Commodity,27112007,Secateurs or pruning shears,Commodity
16300000-8,Harvesting machinery,group,Harvesting machinery (Hierarchy: Harvesting machinery < Agricultural machinery),21101704,Combine harvesters,Commodity,21101700,Agricultural machinery for harvesting,Class,21101703,Harvesters,Commodity
16310000-1,Mowers,class,Mowers (Hierarchy: Mowers < Harvesting machinery < Agricultural machinery),21101701,Mowers,Commodity,27112014,Lawnmowers,Commodity,21101700,Agricultural machinery for harvesting,Class
16311000-8,Lawnmowers,category,Lawnmowers (Hierarchy: Lawnmowers < Mowers < Harvesting machinery < Agricultural machinery),27112014,Lawnmowers,Commodity,21101701,Mowers,Commodity,21101700,Agricultural machinery for harvesting,Class
16311100-9,"Lawn, park or sports-ground mowers",subcategory,"Lawn, park or sports-ground mowers (Hierarchy: Lawnmowers < Mowers < Harvesting machinery < Agricultural machinery)",27112014,Lawnmowers,Commodity,21101701,Mowers,Commodity,21101508,Rollers for lawn or sports grounds,Commodity
16320000-4,Haymaking machinery,class,Haymaking machinery (Hierarchy: Haymaking machinery < Harvesting machinery < Agricultural machinery),21101702,Haymaking machinery,Commodity,21101716,Haymaking machinery parts or accessories,Commodity,21101700,Agricultural machinery for harvesting,Class
16330000-7,Straw or fodder balers,class,Straw or fodder balers (Hierarchy: Straw or fodder balers < Harvesting machinery < Agricultural machinery),21101709,Baler,Commodity,24102210,Baling press,Commodity,21101702,Haymaking machinery,Commodity
16331000-4,Pick-up balers,category,Pick-up balers (Hierarchy: Pick-up balers < Straw or fodder balers < Harvesting machinery < Agricultural machinery),21101700,Agricultural machinery for harvesting,Class,21101709,Baler,Commodity,24102210,Baling press,Commodity
16340000-0,Harvesting and threshing machinery,class,Harvesting and threshing machinery (Hierarchy: Harvesting and threshing machinery < Harvesting machinery < Agricultural machinery),21101704,Combine harvesters,Commodity,21101705,Threshing machines,Commodity,21101700,Agricultural machinery for harvesting,Class
16400000-9,Spraying machinery for agriculture or horticulture,group,Spraying machinery for agriculture or horticulture (Hierarchy: Spraying machinery for agriculture or horticulture < Agricultural machinery),21101800,Dispersing and spraying appliances for agriculture,Class,21101801,Sprayers,Commodity,25101935,Spray truck,Commodity
16500000-0,Self-loading or unloading trailers and semi-trailers for agriculture,group,Self-loading or unloading trailers and semi-trailers for agriculture (Hierarchy: Self-loading or unloading trailers and semi-trailers for agriculture < Agricultural machinery),25181612,Agricultural trailer,Commodity,25181709,Skip loader,Commodity,73161502,Agricultural machinery or equipment manufacturing services,Commodity
16510000-3,Self-loading trailers for agriculture,class,Self-loading trailers for agriculture (Hierarchy: Self-loading trailers for agriculture < Self-loading or unloading trailers and semi-trailers for agriculture < Agricultural machinery),25181612,Agricultural trailer,Commodity,25181709,Skip loader,Commodity,25181703,Livestock trailers,Commodity
16520000-6,Unloading trailers for agriculture,class,Unloading trailers for agriculture (Hierarchy: Unloading trailers for agriculture < Self-loading or unloading trailers and semi-trailers for agriculture < Agricultural machinery),25181612,Agricultural trailer,Commodity,25181715,Dump trailer,Commodity,25181703,Livestock trailers,Commodity
16530000-9,Self-loading semi-trailers for agriculture,class,Self-loading semi-trailers for agriculture (Hierarchy: Self-loading semi-trailers for agriculture < Self-loading or unloading trailers and semi-trailers for agriculture < Agricultural machinery),25181612,Agricultural trailer,Commodity,73161502,Agricultural machinery or equipment manufacturing services,Commodity,25181714,Semi trailer,Commodity
16540000-2,Unloading semi-trailers for agriculture,class,Unloading semi-trailers for agriculture (Hierarchy: Unloading semi-trailers for agriculture < Self-loading or unloading trailers and semi-trailers for agriculture < Agricultural machinery),25181612,Agricultural trailer,Commodity,21102000,Agricultural machinery for cleaning and sorting and grading,Class,21101700,Agricultural machinery for harvesting,Class
16600000-1,Specialist agricultural or forestry machinery,group,Specialist agricultural or forestry machinery (Hierarchy: Specialist agricultural or forestry machinery < Agricultural machinery),21102200,Forestry machinery and equipment,Class,21100000,Agricultural and forestry and landscape machinery and equipment,Family,21102205,Forestry skidders,Commodity
16610000-4,"Machines for cleaning, sorting or grading eggs, fruit or other produce",class,"Machines for cleaning, sorting or grading eggs, fruit or other produce (Hierarchy: Machines for cleaning, sorting or grading eggs, fruit or other produce < Specialist agricultural or forestry machinery < Agricultural machinery)",21102000,Agricultural machinery for cleaning and sorting and grading,Class,21102009,"Cleaning, sorting, and grading machine parts and accessories",Commodity,21102007,Fruit sorter,Commodity
16611000-1,Machines for cleaning produce,category,"Machines for cleaning produce (Hierarchy: Machines for cleaning produce < Machines for cleaning, sorting or grading eggs, fruit or other produce < Specialist agricultural or forestry machinery < Agricultural machinery)",21102000,Agricultural machinery for cleaning and sorting and grading,Class,21102001,Cleaning machines for seed or grain or dried leguminous vegetables,Commodity,21102009,"Cleaning, sorting, and grading machine parts and accessories",Commodity
16611100-2,Machines for cleaning eggs,subcategory,"Machines for cleaning eggs (Hierarchy: Machines for cleaning produce < Machines for cleaning, sorting or grading eggs, fruit or other produce < Specialist agricultural or forestry machinery < Agricultural machinery)",21102000,Agricultural machinery for cleaning and sorting and grading,Class,21102009,"Cleaning, sorting, and grading machine parts and accessories",Commodity,23151903,Washing or dewatering machines,Commodity
16611200-3,Machines for cleaning fruit,subcategory,"Machines for cleaning fruit (Hierarchy: Machines for cleaning produce < Machines for cleaning, sorting or grading eggs, fruit or other produce < Specialist agricultural or forestry machinery < Agricultural machinery)",21102000,Agricultural machinery for cleaning and sorting and grading,Class,23151903,Washing or dewatering machines,Commodity,21102009,"Cleaning, sorting, and grading machine parts and accessories",Commodity
16612000-8,Machines for sorting or grading produce,category,"Machines for sorting or grading produce (Hierarchy: Machines for sorting or grading produce < Machines for cleaning, sorting or grading eggs, fruit or other produce < Specialist agricultural or forestry machinery < Agricultural machinery)",21102000,Agricultural machinery for cleaning and sorting and grading,Class,21102002,Sorting machines for seed or grain or dried leguminous vegetables,Commodity,21102003,Grading machines for seed or grain or dried leguminous vegetables,Commodity
16612100-9,Machines for sorting or grading eggs,subcategory,"Machines for sorting or grading eggs (Hierarchy: Machines for sorting or grading produce < Machines for cleaning, sorting or grading eggs, fruit or other produce < Specialist agricultural or forestry machinery < Agricultural machinery)",21102000,Agricultural machinery for cleaning and sorting and grading,Class,21102009,"Cleaning, sorting, and grading machine parts and accessories",Commodity,21101906,Egg inspection or collecting equipment,Commodity
16612200-0,Machines for sorting or grading fruit,subcategory,"Machines for sorting or grading fruit (Hierarchy: Machines for sorting or grading produce < Machines for cleaning, sorting or grading eggs, fruit or other produce < Specialist agricultural or forestry machinery < Agricultural machinery)",21102000,Agricultural machinery for cleaning and sorting and grading,Class,21102007,Fruit sorter,Commodity,21102009,"Cleaning, sorting, and grading machine parts and accessories",Commodity
16613000-5,"Machines for cleaning, sorting or grading seed, grain or dried vegetables",category,"Machines for cleaning, sorting or grading seed, grain or dried vegetables (Hierarchy: Machines for cleaning, sorting or grading seed, grain or dried vegetables < Machines for cleaning, sorting or grading eggs, fruit or other produce < Specialist agricultural or forestry machinery < Agricultural machinery)",21102002,Sorting machines for seed or grain or dried leguminous vegetables,Commodity,21102003,Grading machines for seed or grain or dried leguminous vegetables,Commodity,21102001,Cleaning machines for seed or grain or dried leguminous vegetables,Commodity
16620000-7,Milking machines,class,Milking machines (Hierarchy: Milking machines < Specialist agricultural or forestry machinery < Agricultural machinery),21101901,Milking machines,Commodity,21101916,Milking machine parts and accessories,Commodity,21100000,Agricultural and forestry and landscape machinery and equipment,Family
16630000-0,Machinery for preparing animal feeding stuffs,class,Machinery for preparing animal feeding stuffs (Hierarchy: Machinery for preparing animal feeding stuffs < Specialist agricultural or forestry machinery < Agricultural machinery),21102101,Agricultural briquetting or pelting machines,Commodity,21101904,Feed mixers,Commodity,21102006,Hammer mills,Commodity
16640000-3,Bee-keeping machinery,class,Bee-keeping machinery (Hierarchy: Bee-keeping machinery < Specialist agricultural or forestry machinery < Agricultural machinery),21102401,Beekeeping equipment,Commodity,21100000,Agricultural and forestry and landscape machinery and equipment,Family,21000000,Farming and Fishing and Forestry and Wildlife Machinery and Accessories,Segment
16650000-6,Poultry-keeping machinery,class,Poultry-keeping machinery (Hierarchy: Poultry-keeping machinery < Specialist agricultural or forestry machinery < Agricultural machinery),23221102,Chicken defeathering machine,Commodity,21101903,Incubators or brooders for poultry,Commodity,21101906,Egg inspection or collecting equipment,Commodity
16651000-3,Poultry incubators and brooders,category,Poultry incubators and brooders (Hierarchy: Poultry incubators and brooders < Poultry-keeping machinery < Specialist agricultural or forestry machinery < Agricultural machinery),21101903,Incubators or brooders for poultry,Commodity,41104422,Dry wall dual chamber three gas incubators with humidity control,Commodity,41104421,Dry wall single chamber three gas incubators with humidity control,Commodity
16700000-2,Tractors,group,Tractors (Hierarchy: Tractors < Agricultural machinery),25101901,Agricultural tractors,Commodity,25102105,Cab over engine tractors without sleeper,Commodity,25101923,Crawler type tractor,Commodity
16710000-5,Pedestrian-controlled agricultural tractors,class,Pedestrian-controlled agricultural tractors (Hierarchy: Pedestrian-controlled agricultural tractors < Tractors < Agricultural machinery),25101901,Agricultural tractors,Commodity,21101600,Agricultural machinery for planting and seeding,Class,21101700,Agricultural machinery for harvesting,Class
16720000-8,Used tractors,class,Used tractors (Hierarchy: Used tractors < Tractors < Agricultural machinery),25101901,Agricultural tractors,Commodity,25102101,Low cab forward tractors,Commodity,25102103,Long nose tractors without sleeper,Commodity
16730000-1,Traction motors,class,Traction motors (Hierarchy: Traction motors < Tractors < Agricultural machinery),26101103,Farm duty motor AC,Commodity,26101200,Electric direct current DC motors,Class,26101208,Permanent magnet motor DC,Commodity
16800000-3,Parts of agricultural and forestry machinery,group,Parts of agricultural and forestry machinery (Hierarchy: Parts of agricultural and forestry machinery < Agricultural machinery),21101707,Harvester parts or accessories,Commodity,21101716,Haymaking machinery parts or accessories,Commodity,25174812,Tractor hitch assemblies,Commodity
16810000-6,Parts of agricultural machinery,class,Parts of agricultural machinery (Hierarchy: Parts of agricultural machinery < Parts of agricultural and forestry machinery < Agricultural machinery),25174812,Tractor hitch assemblies,Commodity,21101707,Harvester parts or accessories,Commodity,21101716,Haymaking machinery parts or accessories,Commodity
16820000-9,Parts of forestry machinery,class,Parts of forestry machinery (Hierarchy: Parts of forestry machinery < Parts of agricultural and forestry machinery < Agricultural machinery),23231800,Lumber chippers and accessories,Class,21102205,Forestry skidders,Commodity,21102204,Forestry saws,Commodity
18000000-9,"Clothing, footwear, luggage articles and accessories",division,"Clothing, footwear, luggage articles and accessories (Hierarchy: Clothing, footwear, luggage articles and accessories)",53120000,Luggage and handbags and packs and cases,Family,53000000,Apparel and Luggage and Personal Care Products,Segment,53101800,Coats and jackets,Class
18100000-0,"Occupational clothing, special workwear and accessories",group,"Occupational clothing, special workwear and accessories (Hierarchy: Occupational clothing, special workwear and accessories < Clothing, footwear, luggage articles and accessories)",53102100,Overalls and coveralls,Class,53102104,Womens overalls or coveralls,Commodity,53102720,Workshop uniforms and retail site apparel,Commodity
18110000-3,Occupational clothing,class,"Occupational clothing (Hierarchy: Occupational clothing < Occupational clothing, special workwear and accessories < Clothing, footwear, luggage articles and accessories)",53102720,Workshop uniforms and retail site apparel,Commodity,53102100,Overalls and coveralls,Class,53102104,Womens overalls or coveralls,Commodity
18113000-4,Industrial clothing,category,"Industrial clothing (Hierarchy: Industrial clothing < Occupational clothing < Occupational clothing, special workwear and accessories < Clothing, footwear, luggage articles and accessories)",53102100,Overalls and coveralls,Class,53102102,Mens overalls or coveralls,Commodity,53102104,Womens overalls or coveralls,Commodity
18114000-1,Coveralls,category,"Coveralls (Hierarchy: Coveralls < Occupational clothing < Occupational clothing, special workwear and accessories < Clothing, footwear, luggage articles and accessories)",46181503,Protective coveralls,Commodity,42131706,Surgical jumpsuits and coveralls,Commodity,53102102,Mens overalls or coveralls,Commodity
18130000-9,Special workwear,class,"Special workwear (Hierarchy: Special workwear < Occupational clothing, special workwear and accessories < Clothing, footwear, luggage articles and accessories)",42131706,Surgical jumpsuits and coveralls,Commodity,46181503,Protective coveralls,Commodity,42131601,Medical staff aprons or bibs,Commodity
18132000-3,Flying clothing,category,"Flying clothing (Hierarchy: Flying clothing < Special workwear < Occupational clothing, special workwear and accessories < Clothing, footwear, luggage articles and accessories)",46181517,Insulated or flotation suits,Commodity,53102102,Mens overalls or coveralls,Commodity,53102104,Womens overalls or coveralls,Commodity
18132100-4,Flight jackets,subcategory,"Flight jackets (Hierarchy: Flying clothing < Special workwear < Occupational clothing, special workwear and accessories < Clothing, footwear, luggage articles and accessories)",46181551,Protective mesh jacket,Commodity,46181543,Waterproof jacket or raincoat,Commodity,42143601,Restraint vests and jackets,Commodity
18132200-5,Flight suits,subcategory,"Flight suits (Hierarchy: Flying clothing < Special workwear < Occupational clothing, special workwear and accessories < Clothing, footwear, luggage articles and accessories)",46181503,Protective coveralls,Commodity,53102102,Mens overalls or coveralls,Commodity,53102104,Womens overalls or coveralls,Commodity
18140000-2,Workwear accessories,class,"Workwear accessories (Hierarchy: Workwear accessories < Occupational clothing, special workwear and accessories < Clothing, footwear, luggage articles and accessories)",42131722,Surgical isolation suits or helmets or shields accessories,Commodity,46181535,Protective socks or hosiery,Commodity,42211512,Head or face protective helmet or device accessories for the physically challenged,Commodity
18141000-9,Work gloves,category,"Work gloves (Hierarchy: Work gloves < Workwear accessories < Occupational clothing, special workwear and accessories < Clothing, footwear, luggage articles and accessories)",46181541,Chemical resistant gloves,Commodity,46181540,Welder gloves,Commodity,46181536,Anti cut gloves,Commodity
18142000-6,Safety visors,category,"Safety visors (Hierarchy: Safety visors < Workwear accessories < Occupational clothing, special workwear and accessories < Clothing, footwear, luggage articles and accessories)",42131613,Medical staff eye shields or visors,Commodity,42294539,Eye protector or conformer or shield accessories,Commodity,42211512,Head or face protective helmet or device accessories for the physically challenged,Commodity
18143000-3,Protective gear,category,"Protective gear (Hierarchy: Protective gear < Workwear accessories < Occupational clothing, special workwear and accessories < Clothing, footwear, luggage articles and accessories)",46181535,Protective socks or hosiery,Commodity,46181501,Protective aprons,Commodity,46181503,Protective coveralls,Commodity
18200000-1,Outerwear,group,"Outerwear (Hierarchy: Outerwear < Clothing, footwear, luggage articles and accessories)",53101804,Womens coats or jackets,Commodity,53101802,Mens coats or jackets,Commodity,46181543,Waterproof jacket or raincoat,Commodity
18210000-4,Coats,class,"Coats (Hierarchy: Coats < Outerwear < Clothing, footwear, luggage articles and accessories)",53101802,Mens coats or jackets,Commodity,53101804,Womens coats or jackets,Commodity,53101801,Boys coats or jackets,Commodity
18211000-1,Capes,category,"Capes (Hierarchy: Capes < Coats < Outerwear < Clothing, footwear, luggage articles and accessories)",53131642,Barber and salon hair cutting gown or cape,Commodity,42131503,Patient exam capes,Commodity,53101804,Womens coats or jackets,Commodity
18212000-8,Cloaks,category,"Cloaks (Hierarchy: Cloaks < Coats < Outerwear < Clothing, footwear, luggage articles and accessories)",53101804,Womens coats or jackets,Commodity,73141708,Woven outerwear clothing manufacturing services,Commodity,53101802,Mens coats or jackets,Commodity
18213000-5,Wind jackets,category,"Wind jackets (Hierarchy: Wind jackets < Coats < Outerwear < Clothing, footwear, luggage articles and accessories)",53101804,Womens coats or jackets,Commodity,46181543,Waterproof jacket or raincoat,Commodity,53101802,Mens coats or jackets,Commodity
18220000-7,Weatherproof clothing,class,"Weatherproof clothing (Hierarchy: Weatherproof clothing < Outerwear < Clothing, footwear, luggage articles and accessories)",46181543,Waterproof jacket or raincoat,Commodity,46181544,Waterproof trousers or pants,Commodity,46181545,Waterproof suit,Commodity
18221000-4,Waterproof clothing,category,"Waterproof clothing (Hierarchy: Waterproof clothing < Weatherproof clothing < Outerwear < Clothing, footwear, luggage articles and accessories)",46181543,Waterproof jacket or raincoat,Commodity,46181544,Waterproof trousers or pants,Commodity,46181545,Waterproof suit,Commodity
18221100-5,Waterproof capes,subcategory,"Waterproof capes (Hierarchy: Waterproof clothing < Weatherproof clothing < Outerwear < Clothing, footwear, luggage articles and accessories)",46181546,Waterproof cap,Commodity,46181543,Waterproof jacket or raincoat,Commodity,46181506,Protective ponchos,Commodity
18221200-6,Anoraks,subcategory,"Anoraks (Hierarchy: Waterproof clothing < Weatherproof clothing < Outerwear < Clothing, footwear, luggage articles and accessories)",46181543,Waterproof jacket or raincoat,Commodity,46181545,Waterproof suit,Commodity,46181544,Waterproof trousers or pants,Commodity
18221300-7,Raincoats,subcategory,"Raincoats (Hierarchy: Waterproof clothing < Weatherproof clothing < Outerwear < Clothing, footwear, luggage articles and accessories)",46181543,Waterproof jacket or raincoat,Commodity,46181545,Waterproof suit,Commodity,11162134,Waterproof fabric,Commodity
18222000-1,Corporate clothing,category,"Corporate clothing (Hierarchy: Corporate clothing < Weatherproof clothing < Outerwear < Clothing, footwear, luggage articles and accessories)",53102710,Corporate uniforms,Commodity,53102100,Overalls and coveralls,Class,53102102,Mens overalls or coveralls,Commodity
18222100-2,Suits,subcategory,"Suits (Hierarchy: Corporate clothing < Weatherproof clothing < Outerwear < Clothing, footwear, luggage articles and accessories)",46181545,Waterproof suit,Commodity,73141707,Woven suits or coats or overcoats manufacturing services,Commodity,53101902,Mens suits,Commodity
18222200-3,Ensembles,subcategory,"Ensembles (Hierarchy: Corporate clothing < Weatherproof clothing < Outerwear < Clothing, footwear, luggage articles and accessories)",46181543,Waterproof jacket or raincoat,Commodity,53102102,Mens overalls or coveralls,Commodity,53102100,Overalls and coveralls,Class
18223000-8,Jackets and blazers,category,"Jackets and blazers (Hierarchy: Jackets and blazers < Weatherproof clothing < Outerwear < Clothing, footwear, luggage articles and accessories)",53101802,Mens coats or jackets,Commodity,53101801,Boys coats or jackets,Commodity,53101804,Womens coats or jackets,Commodity
18223100-9,Blazers,subcategory,"Blazers (Hierarchy: Jackets and blazers < Weatherproof clothing < Outerwear < Clothing, footwear, luggage articles and accessories)",53101802,Mens coats or jackets,Commodity,46181543,Waterproof jacket or raincoat,Commodity,53101801,Boys coats or jackets,Commodity
18223200-0,Jackets,subcategory,"Jackets (Hierarchy: Jackets and blazers < Weatherproof clothing < Outerwear < Clothing, footwear, luggage articles and accessories)",46181543,Waterproof jacket or raincoat,Commodity,53101804,Womens coats or jackets,Commodity,53101802,Mens coats or jackets,Commodity
18224000-5,Clothing made of coated or impregnated textile fabrics,category,"Clothing made of coated or impregnated textile fabrics (Hierarchy: Clothing made of coated or impregnated textile fabrics < Weatherproof clothing < Outerwear < Clothing, footwear, luggage articles and accessories)",46181543,Waterproof jacket or raincoat,Commodity,46181544,Waterproof trousers or pants,Commodity,46181545,Waterproof suit,Commodity
18230000-0,Miscellaneous outerwear,class,"Miscellaneous outerwear (Hierarchy: Miscellaneous outerwear < Outerwear < Clothing, footwear, luggage articles and accessories)",46181543,Waterproof jacket or raincoat,Commodity,53101806,Poncho,Commodity,53112101,Mens overshoes,Commodity
18231000-7,Dresses,category,"Dresses (Hierarchy: Dresses < Miscellaneous outerwear < Outerwear < Clothing, footwear, luggage articles and accessories)",53102002,Womens dresses or skirts or saris or kimonos,Commodity,53102003,Infants dresses or skirts or saris or kimonos,Commodity,53102001,Girls dresses or skirts or saris or kimonos,Commodity
18232000-4,Skirts,category,"Skirts (Hierarchy: Skirts < Miscellaneous outerwear < Outerwear < Clothing, footwear, luggage articles and accessories)",42132110,Hospital bed skirts or dust ruffles,Commodity,53102002,Womens dresses or skirts or saris or kimonos,Commodity,53102001,Girls dresses or skirts or saris or kimonos,Commodity
18233000-1,Shorts,category,"Shorts (Hierarchy: Shorts < Miscellaneous outerwear < Outerwear < Clothing, footwear, luggage articles and accessories)",53112101,Mens overshoes,Commodity,53112102,Womens overshoes,Commodity,53112104,Girls overshoes,Commodity
18234000-8,Trousers,category,"Trousers (Hierarchy: Trousers < Miscellaneous outerwear < Outerwear < Clothing, footwear, luggage articles and accessories)",46181544,Waterproof trousers or pants,Commodity,53101504,Womens slacks or trousers or shorts,Commodity,53101502,Mens slacks or trousers or shorts,Commodity
18235000-5,"Pullovers, cardigans and similar articles",category,"Pullovers, cardigans and similar articles (Hierarchy: Pullovers, cardigans and similar articles < Miscellaneous outerwear < Outerwear < Clothing, footwear, luggage articles and accessories)",53101702,Mens sweaters,Commodity,53101704,Womens sweaters,Commodity,53101701,Boys sweaters,Commodity
18235100-6,Pullovers,subcategory,"Pullovers (Hierarchy: Pullovers, cardigans and similar articles < Miscellaneous outerwear < Outerwear < Clothing, footwear, luggage articles and accessories)",53101702,Mens sweaters,Commodity,53101704,Womens sweaters,Commodity,53101606,Unisex sweatshirt,Commodity
18235200-7,Cardigans,subcategory,"Cardigans (Hierarchy: Pullovers, cardigans and similar articles < Miscellaneous outerwear < Outerwear < Clothing, footwear, luggage articles and accessories)",53101702,Mens sweaters,Commodity,53101704,Womens sweaters,Commodity,53101701,Boys sweaters,Commodity
18235300-8,Sweatshirts,subcategory,"Sweatshirts (Hierarchy: Pullovers, cardigans and similar articles < Miscellaneous outerwear < Outerwear < Clothing, footwear, luggage articles and accessories)",53101606,Unisex sweatshirt,Commodity,53101701,Boys sweaters,Commodity,53101704,Womens sweaters,Commodity
18235400-9,Waistcoats,subcategory,"Waistcoats (Hierarchy: Pullovers, cardigans and similar articles < Miscellaneous outerwear < Outerwear < Clothing, footwear, luggage articles and accessories)",53103101,Mens waistcoats,Commodity,53103102,Ladies vest,Commodity,53101702,Mens sweaters,Commodity
18300000-2,Garments,group,"Garments (Hierarchy: Garments < Clothing, footwear, luggage articles and accessories)",53102000,Dresses and skirts and saris and kimonos,Class,53102001,Girls dresses or skirts or saris or kimonos,Commodity,53102002,Womens dresses or skirts or saris or kimonos,Commodity
18310000-5,Underwear,class,"Underwear (Hierarchy: Underwear < Garments < Clothing, footwear, luggage articles and accessories)",53102300,Undergarments,Class,53102315,Mesh underwear/underpants,Commodity,53102303,Underpants,Commodity
18311000-2,Slips,category,"Slips (Hierarchy: Slips < Underwear < Garments < Clothing, footwear, luggage articles and accessories)",53111702,Womens slippers,Commodity,53102302,Slips,Commodity,53111701,Mens slippers,Commodity
18312000-9,Underpants,category,"Underpants (Hierarchy: Underpants < Underwear < Garments < Clothing, footwear, luggage articles and accessories)",53102303,Underpants,Commodity,53102315,Mesh underwear/underpants,Commodity,53102312,Incontinence panties,Commodity
18313000-6,Panties,category,"Panties (Hierarchy: Panties < Underwear < Garments < Clothing, footwear, luggage articles and accessories)",53102315,Mesh underwear/underpants,Commodity,53102312,Incontinence panties,Commodity,53102403,Panty hose,Commodity
18314000-3,Bathrobes,category,"Bathrobes (Hierarchy: Bathrobes < Underwear < Garments < Clothing, footwear, luggage articles and accessories)",53102606,Bath robes,Commodity,53102602,Mens pajamas or nightshirts or robes,Commodity,53102604,Womens pajamas or nightshirts or robes,Commodity
18315000-0,Stockings,category,"Stockings (Hierarchy: Stockings < Underwear < Garments < Clothing, footwear, luggage articles and accessories)",53102401,Stockings,Commodity,46181535,Protective socks or hosiery,Commodity,42211812,Sock or stocking aids for the physically challenged,Commodity
18316000-7,Tights,category,"Tights (Hierarchy: Tights < Underwear < Garments < Clothing, footwear, luggage articles and accessories)",53102404,Tights,Commodity,53102400,Hosiery,Class,53102401,Stockings,Commodity
18317000-4,Socks,category,"Socks (Hierarchy: Socks < Underwear < Garments < Clothing, footwear, luggage articles and accessories)",53102402,Socks,Commodity,46181535,Protective socks or hosiery,Commodity,42211812,Sock or stocking aids for the physically challenged,Commodity
18318000-1,Nightwear,category,"Nightwear (Hierarchy: Nightwear < Underwear < Garments < Clothing, footwear, luggage articles and accessories)",53102602,Mens pajamas or nightshirts or robes,Commodity,53102603,Girls pajamas or nightshirts or robes,Commodity,53102604,Womens pajamas or nightshirts or robes,Commodity
18318100-2,Nightshirts,subcategory,"Nightshirts (Hierarchy: Nightwear < Underwear < Garments < Clothing, footwear, luggage articles and accessories)",53102602,Mens pajamas or nightshirts or robes,Commodity,53102604,Womens pajamas or nightshirts or robes,Commodity,53102605,Infants pajamas or nightshirts or robes,Commodity
18318200-3,Dressing gowns,subcategory,"Dressing gowns (Hierarchy: Nightwear < Underwear < Garments < Clothing, footwear, luggage articles and accessories)",53102604,Womens pajamas or nightshirts or robes,Commodity,53102602,Mens pajamas or nightshirts or robes,Commodity,53102603,Girls pajamas or nightshirts or robes,Commodity
18318300-4,Pyjamas,subcategory,"Pyjamas (Hierarchy: Nightwear < Underwear < Garments < Clothing, footwear, luggage articles and accessories)",53102602,Mens pajamas or nightshirts or robes,Commodity,53102604,Womens pajamas or nightshirts or robes,Commodity,53102605,Infants pajamas or nightshirts or robes,Commodity
18318400-5,Vests,subcategory,"Vests (Hierarchy: Nightwear < Underwear < Garments < Clothing, footwear, luggage articles and accessories)",53102605,Infants pajamas or nightshirts or robes,Commodity,53102602,Mens pajamas or nightshirts or robes,Commodity,53102604,Womens pajamas or nightshirts or robes,Commodity
18318500-6,Nightdresses,subcategory,"Nightdresses (Hierarchy: Nightwear < Underwear < Garments < Clothing, footwear, luggage articles and accessories)",53102604,Womens pajamas or nightshirts or robes,Commodity,53102603,Girls pajamas or nightshirts or robes,Commodity,53102605,Infants pajamas or nightshirts or robes,Commodity
18320000-8,"Brassieres, corsets, suspenders and similar articles",class,"Brassieres, corsets, suspenders and similar articles (Hierarchy: Brassieres, corsets, suspenders and similar articles < Garments < Clothing, footwear, luggage articles and accessories)",53102304,Brassieres,Commodity,53102307,Body shaping garments,Commodity,42312501,Mammary support binders,Commodity
18321000-5,Brassieres,category,"Brassieres (Hierarchy: Brassieres < Brassieres, corsets, suspenders and similar articles < Garments < Clothing, footwear, luggage articles and accessories)",53102304,Brassieres,Commodity,53102307,Body shaping garments,Commodity,42312501,Mammary support binders,Commodity
18322000-2,Corsets,category,"Corsets (Hierarchy: Corsets < Brassieres, corsets, suspenders and similar articles < Garments < Clothing, footwear, luggage articles and accessories)",53102307,Body shaping garments,Commodity,42143602,Torso and belt restraints,Commodity,53102304,Brassieres,Commodity
18323000-9,Suspenders,category,"Suspenders (Hierarchy: Suspenders < Brassieres, corsets, suspenders and similar articles < Garments < Clothing, footwear, luggage articles and accessories)",53102501,Belts or suspenders,Commodity,53102307,Body shaping garments,Commodity,53102300,Undergarments,Class
18330000-1,T-shirts and shirts,class,"T-shirts and shirts (Hierarchy: T-shirts and shirts < Garments < Clothing, footwear, luggage articles and accessories)",53101600,Shirts and blouses,Class,53103000,Tshirts,Class,53103001,Mens tshirts,Commodity
18331000-8,T-shirts,category,"T-shirts (Hierarchy: T-shirts < T-shirts and shirts < Garments < Clothing, footwear, luggage articles and accessories)",53103000,Tshirts,Class,53103005,Unisex tshirts,Commodity,53103001,Mens tshirts,Commodity
18332000-5,Shirts,category,"Shirts (Hierarchy: Shirts < T-shirts and shirts < Garments < Clothing, footwear, luggage articles and accessories)",53101602,Mens shirts,Commodity,53101604,Womens shirts or blouses,Commodity,53103001,Mens tshirts,Commodity
18333000-2,Polo shirts,category,"Polo shirts (Hierarchy: Polo shirts < T-shirts and shirts < Garments < Clothing, footwear, luggage articles and accessories)",53101602,Mens shirts,Commodity,53101604,Womens shirts or blouses,Commodity,53103001,Mens tshirts,Commodity
18400000-3,Special clothing and accessories,group,"Special clothing and accessories (Hierarchy: Special clothing and accessories < Clothing, footwear, luggage articles and accessories)",53102104,Womens overalls or coveralls,Commodity,53102100,Overalls and coveralls,Class,53102105,Infants overalls or coveralls,Commodity
18410000-6,Special clothing,class,"Special clothing (Hierarchy: Special clothing < Special clothing and accessories < Clothing, footwear, luggage articles and accessories)",53102102,Mens overalls or coveralls,Commodity,46181517,Insulated or flotation suits,Commodity,42131608,Medical staff scrubs,Commodity
18411000-3,Baby clothing,category,"Baby clothing (Hierarchy: Baby clothing < Special clothing < Special clothing and accessories < Clothing, footwear, luggage articles and accessories)",53102605,Infants pajamas or nightshirts or robes,Commodity,53102003,Infants dresses or skirts or saris or kimonos,Commodity,53102105,Infants overalls or coveralls,Commodity
18412000-0,Sportswear,category,"Sportswear (Hierarchy: Sportswear < Special clothing < Special clothing and accessories < Clothing, footwear, luggage articles and accessories)",53102901,Womens athletic wear,Commodity,53111902,Womens athletic footwear,Commodity,53102902,Mens athletic wear,Commodity
18412100-1,Tracksuits,subcategory,"Tracksuits (Hierarchy: Sportswear < Special clothing < Special clothing and accessories < Clothing, footwear, luggage articles and accessories)",53102902,Mens athletic wear,Commodity,53102901,Womens athletic wear,Commodity,53102717,Sport uniform,Commodity
18412200-2,Sports shirts,subcategory,"Sports shirts (Hierarchy: Sportswear < Special clothing < Special clothing and accessories < Clothing, footwear, luggage articles and accessories)",49161522,Football kicking tees,Commodity,53102901,Womens athletic wear,Commodity,53102904,Girls athletic wear,Commodity
18412300-3,Ski suits,subcategory,"Ski suits (Hierarchy: Sportswear < Special clothing < Special clothing and accessories < Clothing, footwear, luggage articles and accessories)",49141507,Drysuits,Commodity,46181517,Insulated or flotation suits,Commodity,49151500,Skiing and snowboarding equipment,Class
18412800-8,Swimwear,subcategory,"Swimwear (Hierarchy: Sportswear < Special clothing < Special clothing and accessories < Clothing, footwear, luggage articles and accessories)",53102802,Womens swimwear,Commodity,53102800,Swimwear,Class,53102801,Mens swimwear,Commodity
18420000-9,Clothing accessories,class,"Clothing accessories (Hierarchy: Clothing accessories < Special clothing and accessories < Clothing, footwear, luggage articles and accessories)",53102502,Ties or scarves or mufflers,Commodity,53102501,Belts or suspenders,Commodity,53102500,Clothing accessories,Class
18421000-6,Handkerchiefs,category,"Handkerchiefs (Hierarchy: Handkerchiefs < Clothing accessories < Special clothing and accessories < Clothing, footwear, luggage articles and accessories)",53102512,Handkerchiefs,Commodity,52121704,Hand towels,Commodity,52121705,Face towel,Commodity
18422000-3,Scarves,category,"Scarves (Hierarchy: Scarves < Clothing accessories < Special clothing and accessories < Clothing, footwear, luggage articles and accessories)",53102502,Ties or scarves or mufflers,Commodity,46181550,Protective scarf,Commodity,60131801,Dancing scarves,Commodity
18423000-0,Ties,category,"Ties (Hierarchy: Ties < Clothing accessories < Special clothing and accessories < Clothing, footwear, luggage articles and accessories)",53102502,Ties or scarves or mufflers,Commodity,53102404,Tights,Commodity,53102501,Belts or suspenders,Commodity
18424000-7,Gloves,category,"Gloves (Hierarchy: Gloves < Clothing accessories < Special clothing and accessories < Clothing, footwear, luggage articles and accessories)",53102504,Gloves or mittens,Commodity,42204005,Medical radiological shielding gloves,Commodity,49211606,Golf gloves,Commodity
18424300-0,Disposable gloves,subcategory,"Disposable gloves (Hierarchy: Gloves < Clothing accessories < Special clothing and accessories < Clothing, footwear, luggage articles and accessories)",42132203,Nitrile medical exam or non surgical procedure gloves,Commodity,42132209,Non-nitrile exam or non-surgical gloves,Commodity,42132207,Non-latex surgical gloves,Commodity
18424400-1,Mittens,subcategory,"Mittens (Hierarchy: Gloves < Clothing accessories < Special clothing and accessories < Clothing, footwear, luggage articles and accessories)",46181542,Protective mittens,Commodity,53102504,Gloves or mittens,Commodity,42142109,Therapeutic hot or cold therapy mitts,Commodity
18424500-2,Gauntlets,subcategory,"Gauntlets (Hierarchy: Gloves < Clothing accessories < Special clothing and accessories < Clothing, footwear, luggage articles and accessories)",49171603,Boxing gloves,Commodity,46181536,Anti cut gloves,Commodity,49181609,Archery gloves,Commodity
18425000-4,Belts,category,"Belts (Hierarchy: Belts < Clothing accessories < Special clothing and accessories < Clothing, footwear, luggage articles and accessories)",53102501,Belts or suspenders,Commodity,42251615,Weight belts or kits for rehabilitation or therapy,Commodity,46182306,Safety harnesses or belts,Commodity
18425100-5,Bandoliers,subcategory,"Bandoliers (Hierarchy: Belts < Clothing accessories < Special clothing and accessories < Clothing, footwear, luggage articles and accessories)",42251615,Weight belts or kits for rehabilitation or therapy,Commodity,53102501,Belts or suspenders,Commodity,24112403,Tool belts,Commodity
18440000-5,Hats and headgear,class,"Hats and headgear (Hierarchy: Hats and headgear < Special clothing and accessories < Clothing, footwear, luggage articles and accessories)",53102503,Hats,Commodity,42131719,Surgical surgeon caps or hoods,Commodity,42131512,Patient infant caps or hats or material for infant caps,Commodity
18441000-2,Hats,category,"Hats (Hierarchy: Hats < Hats and headgear < Special clothing and accessories < Clothing, footwear, luggage articles and accessories)",53102503,Hats,Commodity,42131604,Medical staff bouffant caps,Commodity,42131512,Patient infant caps or hats or material for infant caps,Commodity
18443000-6,Headgear and headgear accessories,category,"Headgear and headgear accessories (Hierarchy: Headgear and headgear accessories < Hats and headgear < Special clothing and accessories < Clothing, footwear, luggage articles and accessories)",42131719,Surgical surgeon caps or hoods,Commodity,42211512,Head or face protective helmet or device accessories for the physically challenged,Commodity,46181546,Waterproof cap,Commodity
18443100-7,Headbands,subcategory,"Headbands (Hierarchy: Headgear and headgear accessories < Hats and headgear < Special clothing and accessories < Clothing, footwear, luggage articles and accessories)",53102513,Headbands,Commodity,42181543,Medical examining mirror headband accessories,Commodity,42181507,Medical examining mirror headbands,Commodity
18443300-9,Headgear,subcategory,"Headgear (Hierarchy: Headgear and headgear accessories < Hats and headgear < Special clothing and accessories < Clothing, footwear, luggage articles and accessories)",42131719,Surgical surgeon caps or hoods,Commodity,42131604,Medical staff bouffant caps,Commodity,42211512,Head or face protective helmet or device accessories for the physically challenged,Commodity
18443310-2,Berets,subcategory,"Berets (Hierarchy: Headgear and headgear accessories < Hats and headgear < Special clothing and accessories < Clothing, footwear, luggage articles and accessories)",53102503,Hats,Commodity,42131604,Medical staff bouffant caps,Commodity,42131719,Surgical surgeon caps or hoods,Commodity
